{
  "type": "FeatureCollection",
  "generator": "overpass-turbo",
  "copyright": "The data included in this document is from www.openstreetmap.org. The data is made available under ODbL.",
  "timestamp": "2026-10-03T21:15:51Z",
  "features": [
    {
      "type": "Feature",
      "properties": {
        "@id": "node/1439614413",
        "bus": "yes",
        "highway": "bus_stop",
        "public_transport": "platform"
      },
      "geometry": {
        "type": "Point",
        "coordinates": [
          -45.8897874,
          -23.1742523
        ]
      },
      "id": "node/1439614413"
    },
    {
      "type": "Feature",
      "properties": {
        "@id": "node/1645032375",
        "bus": "yes",
        "highway": "bus_stop",
        "name": "Colinas",
        "public_transport": "platform"
      },
      "geometry": {
        "type": "Point",
        "coordinates": [
          -45.9124351,
          -23.1998174
        ]
      },
      "id": "node/1645032375"
    },
    {
      "type": "Feature",
      "properties": {
        "@id": "node/1645033342",
        "bench": "yes",
        "bin": "yes",
        "bus": "yes",
        "check_date:shelter": "2024-10-16",
        "highway": "bus_stop",
        "lit": "yes",
        "local_ref": "Shopping Colinas",
        "name": "Colinas",
        "public_transport": "platform",
        "shelter": "yes"
      },
      "geometry": {
        "type": "Point",
        "coordinates": [
          -45.9092359,
          -23.2046482
        ]
      },
      "id": "node/1645033342"
    },
    {
      "type": "Feature",
      "properties": {
        "@id": "node/1645046499",
        "bus": "yes",
        "highway": "bus_stop",
        "name": "Anchieta",
        "public_transport": "platform"
      },
      "geometry": {
        "type": "Point",
        "coordinates": [
          -45.9054675,
          -23.194052
        ]
      },
      "id": "node/1645046499"
    },
    {
      "type": "Feature",
      "properties": {
        "@id": "node/1645046505",
        "bus": "yes",
        "highway": "bus_stop",
        "name": "Anchieta",
        "public_transport": "platform"
      },
      "geometry": {
        "type": "Point",
        "coordinates": [
          -45.9056902,
          -23.194407
        ]
      },
      "id": "node/1645046505"
    },
    {
      "type": "Feature",
      "properties": {
        "@id": "node/1645054556",
        "bus": "yes",
        "highway": "bus_stop",
        "local_ref": "ETEP",
        "public_transport": "platform"
      },
      "geometry": {
        "type": "Point",
        "coordinates": [
          -45.904907,
          -23.1989852
        ]
      },
      "id": "node/1645054556"
    },
    {
      "type": "Feature",
      "properties": {
        "@id": "node/1645059367",
        "bench": "yes",
        "bin": "no",
        "bus": "yes",
        "check_date:shelter": "2024-10-17",
        "highway": "bus_stop",
        "lit": "yes",
        "name": "Vicentina Aranha",
        "public_transport": "platform",
        "shelter": "yes"
      },
      "geometry": {
        "type": "Point",
        "coordinates": [
          -45.8973485,
          -23.1968354
        ]
      },
      "id": "node/1645059367"
    },
    {
      "type": "Feature",
      "properties": {
        "@id": "node/1645060261",
        "bench": "yes",
        "bin": "yes",
        "bus": "yes",
        "highway": "bus_stop",
        "lit": "yes",
        "name": "Avenida São João",
        "public_transport": "platform",
        "shelter": "yes"
      },
      "geometry": {
        "type": "Point",
        "coordinates": [
          -45.8997464,
          -23.1983984
        ]
      },
      "id": "node/1645060261"
    },
    {
      "type": "Feature",
      "properties": {
        "@id": "node/1645060398",
        "bus": "yes",
        "highway": "bus_stop",
        "name": "Avenida São João",
        "public_transport": "platform"
      },
      "geometry": {
        "type": "Point",
        "coordinates": [
          -45.8971178,
          -23.1956865
        ]
      },
      "id": "node/1645060398"
    },
    {
      "type": "Feature",
      "properties": {
        "@id": "node/1645060536",
        "bus": "yes",
        "highway": "bus_stop",
        "name": "Avenida São João",
        "public_transport": "platform"
      },
      "geometry": {
        "type": "Point",
        "coordinates": [
          -45.8940524,
          -23.1929031
        ]
      },
      "id": "node/1645060536"
    },
    {
      "type": "Feature",
      "properties": {
        "@id": "node/1645074170",
        "bench": "no",
        "bus": "yes",
        "highway": "bus_stop",
        "name": "Vicentina Aranha",
        "public_transport": "platform",
        "shelter": "no"
      },
      "geometry": {
        "type": "Point",
        "coordinates": [
          -45.8952617,
          -23.1975504
        ]
      },
      "id": "node/1645074170"
    },
    {
      "type": "Feature",
      "properties": {
        "@id": "node/1650284056",
        "bus": "yes",
        "highway": "bus_stop",
        "public_transport": "platform",
        "shelter": "yes"
      },
      "geometry": {
        "type": "Point",
        "coordinates": [
          -45.7909962,
          -23.1561604
        ]
      },
      "id": "node/1650284056"
    },
    {
      "type": "Feature",
      "properties": {
        "@id": "node/2057128622",
        "bench": "no",
        "bus": "yes",
        "highway": "bus_stop",
        "public_transport": "platform",
        "shelter": "no"
      },
      "geometry": {
        "type": "Point",
        "coordinates": [
          -45.8869578,
          -23.1891437
        ]
      },
      "id": "node/2057128622"
    },
    {
      "type": "Feature",
      "properties": {
        "@id": "node/2057128645",
        "bench": "yes",
        "bin": "yes",
        "bus": "yes",
        "check_date:shelter": "2026-01-20",
        "highway": "bus_stop",
        "lit": "yes",
        "name": "Praça Kennedy",
        "public_transport": "platform",
        "shelter": "yes"
      },
      "geometry": {
        "type": "Point",
        "coordinates": [
          -45.8883174,
          -23.190883
        ]
      },
      "id": "node/2057128645"
    },
    {
      "type": "Feature",
      "properties": {
        "@id": "node/2057128679",
        "bus": "yes",
        "highway": "bus_stop",
        "public_transport": "platform"
      },
      "geometry": {
        "type": "Point",
        "coordinates": [
          -45.8848147,
          -23.1878271
        ]
      },
      "id": "node/2057128679"
    },
    {
      "type": "Feature",
      "properties": {
        "@id": "node/2057184587",
        "bench": "yes",
        "bin": "yes",
        "bus": "yes",
        "highway": "bus_stop",
        "public_transport": "platform",
        "shelter": "yes"
      },
      "geometry": {
        "type": "Point",
        "coordinates": [
          -45.8896695,
          -23.1916437
        ]
      },
      "id": "node/2057184587"
    },
    {
      "type": "Feature",
      "properties": {
        "@id": "node/2057184588",
        "bench": "yes",
        "bin": "yes",
        "bus": "yes",
        "check_date:shelter": "2024-10-31",
        "highway": "bus_stop",
        "public_transport": "platform",
        "shelter": "yes"
      },
      "geometry": {
        "type": "Point",
        "coordinates": [
          -45.8887549,
          -23.187763
        ]
      },
      "id": "node/2057184588"
    },
    {
      "type": "Feature",
      "properties": {
        "@id": "node/2057184593",
        "bus": "yes",
        "highway": "bus_stop",
        "local_ref": "Terminal Urbano",
        "public_transport": "platform"
      },
      "geometry": {
        "type": "Point",
        "coordinates": [
          -45.8880736,
          -23.1800901
        ]
      },
      "id": "node/2057184593"
    },
    {
      "type": "Feature",
      "properties": {
        "@id": "node/2057184598",
        "bus": "yes",
        "highway": "bus_stop",
        "local_ref": "Igreja Matriz",
        "public_transport": "platform"
      },
      "geometry": {
        "type": "Point",
        "coordinates": [
          -45.8869336,
          -23.180201
        ]
      },
      "id": "node/2057184598"
    },
    {
      "type": "Feature",
      "properties": {
        "@id": "node/2057184602",
        "bench": "yes",
        "bus": "yes",
        "highway": "bus_stop",
        "public_transport": "platform",
        "shelter": "yes"
      },
      "geometry": {
        "type": "Point",
        "coordinates": [
          -45.8825804,
          -23.1845874
        ]
      },
      "id": "node/2057184602"
    },
    {
      "type": "Feature",
      "properties": {
        "@id": "node/2057184603",
        "bench": "yes",
        "bus": "yes",
        "highway": "bus_stop",
        "public_transport": "platform",
        "shelter": "yes"
      },
      "geometry": {
        "type": "Point",
        "coordinates": [
          -45.8880709,
          -23.1841288
        ]
      },
      "id": "node/2057184603"
    },
    {
      "type": "Feature",
      "properties": {
        "@id": "node/2057184604",
        "bus": "yes",
        "highway": "bus_stop",
        "public_transport": "platform"
      },
      "geometry": {
        "type": "Point",
        "coordinates": [
          -45.8835384,
          -23.1811924
        ]
      },
      "id": "node/2057184604"
    },
    {
      "type": "Feature",
      "properties": {
        "@id": "node/2057186593",
        "bus": "yes",
        "highway": "bus_stop",
        "public_transport": "platform"
      },
      "geometry": {
        "type": "Point",
        "coordinates": [
          -45.8815129,
          -23.1863626
        ]
      },
      "id": "node/2057186593"
    },
    {
      "type": "Feature",
      "properties": {
        "@id": "node/2057186594",
        "bus": "yes",
        "highway": "bus_stop",
        "public_transport": "platform",
        "shelter": "yes"
      },
      "geometry": {
        "type": "Point",
        "coordinates": [
          -45.8671631,
          -23.1808569
        ]
      },
      "id": "node/2057186594"
    },
    {
      "type": "Feature",
      "properties": {
        "@id": "node/2057186595",
        "bus": "yes",
        "highway": "bus_stop",
        "public_transport": "platform"
      },
      "geometry": {
        "type": "Point",
        "coordinates": [
          -45.8744373,
          -23.190632
        ]
      },
      "id": "node/2057186595"
    },
    {
      "type": "Feature",
      "properties": {
        "@id": "node/2057186596",
        "bench": "yes",
        "bin": "yes",
        "bus": "yes",
        "highway": "bus_stop",
        "lit": "yes",
        "name": "Parada Drga Bello Monte Castelo",
        "public_transport": "platform",
        "shelter": "yes"
      },
      "geometry": {
        "type": "Point",
        "coordinates": [
          -45.8732418,
          -23.1880297
        ]
      },
      "id": "node/2057186596"
    },
    {
      "type": "Feature",
      "properties": {
        "@id": "node/2057186597",
        "bus": "yes",
        "highway": "bus_stop",
        "public_transport": "platform"
      },
      "geometry": {
        "type": "Point",
        "coordinates": [
          -45.8705625,
          -23.1821795
        ]
      },
      "id": "node/2057186597"
    },
    {
      "type": "Feature",
      "properties": {
        "@id": "node/2057186600",
        "bus": "yes",
        "departures_board": "no",
        "highway": "bus_stop",
        "public_transport": "platform",
        "shelter": "yes"
      },
      "geometry": {
        "type": "Point",
        "coordinates": [
          -45.8769669,
          -23.191208
        ]
      },
      "id": "node/2057186600"
    },
    {
      "type": "Feature",
      "properties": {
        "@id": "node/2057186601",
        "bench": "yes",
        "bin": "yes",
        "bus": "yes",
        "check_date:shelter": "2024-05-11",
        "highway": "bus_stop",
        "lit": "yes",
        "name": "L-454",
        "public_transport": "platform",
        "shelter": "yes"
      },
      "geometry": {
        "type": "Point",
        "coordinates": [
          -45.8663852,
          -23.1807632
        ]
      },
      "id": "node/2057186601"
    },
    {
      "type": "Feature",
      "properties": {
        "@id": "node/2057186602",
        "bus": "yes",
        "departures_board": "no",
        "highway": "bus_stop",
        "public_transport": "platform",
        "shelter": "yes"
      },
      "geometry": {
        "type": "Point",
        "coordinates": [
          -45.872875,
          -23.1877813
        ]
      },
      "id": "node/2057186602"
    },
    {
      "type": "Feature",
      "properties": {
        "@id": "node/2057186603",
        "bench": "yes",
        "bin": "yes",
        "bus": "yes",
        "highway": "bus_stop",
        "public_transport": "platform",
        "shelter": "yes"
      },
      "geometry": {
        "type": "Point",
        "coordinates": [
          -45.8663351,
          -23.1795099
        ]
      },
      "id": "node/2057186603"
    },
    {
      "type": "Feature",
      "properties": {
        "@id": "node/2057186604",
        "bus": "yes",
        "highway": "bus_stop",
        "public_transport": "platform"
      },
      "geometry": {
        "type": "Point",
        "coordinates": [
          -45.8663521,
          -23.1793527
        ]
      },
      "id": "node/2057186604"
    },
    {
      "type": "Feature",
      "properties": {
        "@id": "node/2057186605",
        "bench": "yes",
        "bin": "yes",
        "bus": "yes",
        "highway": "bus_stop",
        "name": "C-078",
        "public_transport": "platform",
        "shelter": "yes"
      },
      "geometry": {
        "type": "Point",
        "coordinates": [
          -45.8712239,
          -23.1839907
        ]
      },
      "id": "node/2057186605"
    },
    {
      "type": "Feature",
      "properties": {
        "@id": "node/2057191155",
        "bench": "no",
        "bin": "no",
        "bus": "yes",
        "highway": "bus_stop",
        "public_transport": "platform",
        "shelter": "no"
      },
      "geometry": {
        "type": "Point",
        "coordinates": [
          -45.8566183,
          -23.1826844
        ]
      },
      "id": "node/2057191155"
    },
    {
      "type": "Feature",
      "properties": {
        "@id": "node/2057191157",
        "bench": "yes",
        "bin": "yes",
        "bus": "yes",
        "highway": "bus_stop",
        "lit": "no",
        "name:signed": "no",
        "public_transport": "platform",
        "shelter": "yes"
      },
      "geometry": {
        "type": "Point",
        "coordinates": [
          -45.8543111,
          -23.1811235
        ]
      },
      "id": "node/2057191157"
    },
    {
      "type": "Feature",
      "properties": {
        "@id": "node/2057191160",
        "bench": "yes",
        "bin": "yes",
        "bus": "yes",
        "check_date:shelter": "2024-10-15",
        "highway": "bus_stop",
        "lit": "no",
        "name:signed": "no",
        "public_transport": "platform",
        "shelter": "yes"
      },
      "geometry": {
        "type": "Point",
        "coordinates": [
          -45.8617938,
          -23.1845177
        ]
      },
      "id": "node/2057191160"
    },
    {
      "type": "Feature",
      "properties": {
        "@id": "node/2057191164",
        "bus": "yes",
        "highway": "bus_stop",
        "public_transport": "platform",
        "shelter": "yes"
      },
      "geometry": {
        "type": "Point",
        "coordinates": [
          -45.8530497,
          -23.1795203
        ]
      },
      "id": "node/2057191164"
    },
    {
      "type": "Feature",
      "properties": {
        "@id": "node/2057191166",
        "bus": "yes",
        "highway": "bus_stop",
        "public_transport": "platform"
      },
      "geometry": {
        "type": "Point",
        "coordinates": [
          -45.8782513,
          -23.1885915
        ]
      },
      "id": "node/2057191166"
    },
    {
      "type": "Feature",
      "properties": {
        "@id": "node/2057191167",
        "bus": "yes",
        "highway": "bus_stop",
        "public_transport": "platform",
        "shelter": "yes"
      },
      "geometry": {
        "type": "Point",
        "coordinates": [
          -45.8607216,
          -23.1844863
        ]
      },
      "id": "node/2057191167"
    },
    {
      "type": "Feature",
      "properties": {
        "@id": "node/2057191168",
        "bus": "yes",
        "highway": "bus_stop",
        "public_transport": "platform"
      },
      "geometry": {
        "type": "Point",
        "coordinates": [
          -45.875958,
          -23.1885347
        ]
      },
      "id": "node/2057191168"
    },
    {
      "type": "Feature",
      "properties": {
        "@id": "node/2057191169",
        "bench": "yes",
        "bin": "yes",
        "bus": "yes",
        "check_date:shelter": "2024-10-18",
        "highway": "bus_stop",
        "public_transport": "platform",
        "shelter": "yes"
      },
      "geometry": {
        "type": "Point",
        "coordinates": [
          -45.85472,
          -23.1815798
        ]
      },
      "id": "node/2057191169"
    },
    {
      "type": "Feature",
      "properties": {
        "@id": "node/2156454151",
        "bench": "yes",
        "bus": "yes",
        "highway": "bus_stop",
        "public_transport": "platform",
        "shelter": "yes"
      },
      "geometry": {
        "type": "Point",
        "coordinates": [
          -45.8760174,
          -23.1949482
        ]
      },
      "id": "node/2156454151"
    },
    {
      "type": "Feature",
      "properties": {
        "@id": "node/2156454166",
        "bench": "yes",
        "bus": "yes",
        "check_date:shelter": "2024-10-17",
        "highway": "bus_stop",
        "name": "Center Vale Shopping",
        "public_transport": "platform",
        "shelter": "yes"
      },
      "geometry": {
        "type": "Point",
        "coordinates": [
          -45.8803411,
          -23.2007368
        ]
      },
      "id": "node/2156454166"
    },
    {
      "type": "Feature",
      "properties": {
        "@id": "node/2156454169",
        "bus": "yes",
        "highway": "bus_stop",
        "public_transport": "platform"
      },
      "geometry": {
        "type": "Point",
        "coordinates": [
          -45.8839701,
          -23.203954
        ]
      },
      "id": "node/2156454169"
    },
    {
      "type": "Feature",
      "properties": {
        "@id": "node/2156454180",
        "bus": "yes",
        "highway": "bus_stop",
        "public_transport": "platform"
      },
      "geometry": {
        "type": "Point",
        "coordinates": [
          -45.8767344,
          -23.1960608
        ]
      },
      "id": "node/2156454180"
    },
    {
      "type": "Feature",
      "properties": {
        "@id": "node/2156454181",
        "bench": "yes",
        "bin": "no",
        "bus": "yes",
        "highway": "bus_stop",
        "lit": "no",
        "name": "Avenida Samuel Wainer, 3755",
        "network": "EMTU",
        "network:short": "EMTU",
        "network:wikidata": "Q5374439",
        "network:wikipedia": "pt:Empresa Metropolitana de Transportes Urbanos de São Paulo",
        "public_transport": "platform",
        "public_transport:version": "2",
        "route_ref": "5503",
        "shelter": "yes"
      },
      "geometry": {
        "type": "Point",
        "coordinates": [
          -45.8762583,
          -23.1951956
        ]
      },
      "id": "node/2156454181"
    },
    {
      "type": "Feature",
      "properties": {
        "@id": "node/2156454190",
        "bench": "yes",
        "bin": "no",
        "bus": "yes",
        "highway": "bus_stop",
        "lit": "yes",
        "name": "C-145",
        "public_transport": "platform",
        "shelter": "yes"
      },
      "geometry": {
        "type": "Point",
        "coordinates": [
          -45.8826612,
          -23.2028865
        ]
      },
      "id": "node/2156454190"
    },
    {
      "type": "Feature",
      "properties": {
        "@id": "node/2156454192",
        "bench": "yes",
        "bin": "yes",
        "bus": "yes",
        "highway": "bus_stop",
        "lit": "yes",
        "name": "Terminal Suburbano",
        "public_transport": "platform",
        "shelter": "yes"
      },
      "geometry": {
        "type": "Point",
        "coordinates": [
          -45.8777152,
          -23.1928994
        ]
      },
      "id": "node/2156454192"
    },
    {
      "type": "Feature",
      "properties": {
        "@id": "node/2156454195",
        "bench": "yes",
        "bin": "no",
        "bus": "yes",
        "highway": "bus_stop",
        "lit": "yes",
        "name": "Avenida Deputado Benedito Matarazzo, 9655",
        "network": "EMTU",
        "network:short": "EMTU",
        "network:wikidata": "Q5374439",
        "network:wikipedia": "pt:Empresa Metropolitana de Transportes Urbanos de São Paulo",
        "public_transport": "platform",
        "public_transport:version": "2",
        "route_ref": "5503",
        "shelter": "yes"
      },
      "geometry": {
        "type": "Point",
        "coordinates": [
          -45.8782434,
          -23.1988875
        ]
      },
      "id": "node/2156454195"
    },
    {
      "type": "Feature",
      "properties": {
        "@id": "node/2156601467",
        "bus": "yes",
        "highway": "bus_stop",
        "public_transport": "platform"
      },
      "geometry": {
        "type": "Point",
        "coordinates": [
          -45.8709614,
          -23.1844985
        ]
      },
      "id": "node/2156601467"
    },
    {
      "type": "Feature",
      "properties": {
        "@id": "node/2223255410",
        "bus": "yes",
        "highway": "bus_stop",
        "public_transport": "platform",
        "shelter": "yes"
      },
      "geometry": {
        "type": "Point",
        "coordinates": [
          -45.8578828,
          -23.1766186
        ]
      },
      "id": "node/2223255410"
    },
    {
      "type": "Feature",
      "properties": {
        "@id": "node/2223255413",
        "bench": "yes",
        "bin": "yes",
        "bus": "yes",
        "highway": "bus_stop",
        "public_transport": "platform",
        "shelter": "yes"
      },
      "geometry": {
        "type": "Point",
        "coordinates": [
          -45.8593848,
          -23.1773409
        ]
      },
      "id": "node/2223255413"
    },
    {
      "type": "Feature",
      "properties": {
        "@id": "node/2225306454",
        "bench": "no",
        "bin": "no",
        "bus": "yes",
        "highway": "bus_stop",
        "lit": "no",
        "name:signed": "no",
        "public_transport": "platform"
      },
      "geometry": {
        "type": "Point",
        "coordinates": [
          -45.8589908,
          -23.1773165
        ]
      },
      "id": "node/2225306454"
    },
    {
      "type": "Feature",
      "properties": {
        "@id": "node/2225306455",
        "bus": "yes",
        "highway": "bus_stop",
        "public_transport": "platform",
        "shelter": "yes"
      },
      "geometry": {
        "type": "Point",
        "coordinates": [
          -45.8569697,
          -23.1802684
        ]
      },
      "id": "node/2225306455"
    },
    {
      "type": "Feature",
      "properties": {
        "@id": "node/2225306456",
        "bus": "yes",
        "highway": "bus_stop",
        "public_transport": "platform"
      },
      "geometry": {
        "type": "Point",
        "coordinates": [
          -45.8615903,
          -23.1798502
        ]
      },
      "id": "node/2225306456"
    },
    {
      "type": "Feature",
      "properties": {
        "@id": "node/2225306457",
        "bench": "yes",
        "bin": "yes",
        "bus": "yes",
        "highway": "bus_stop",
        "public_transport": "platform",
        "shelter": "yes"
      },
      "geometry": {
        "type": "Point",
        "coordinates": [
          -45.8591127,
          -23.1801354
        ]
      },
      "id": "node/2225306457"
    },
    {
      "type": "Feature",
      "properties": {
        "@id": "node/2225306458",
        "bench": "yes",
        "bus": "yes",
        "check_date:shelter": "2024-10-18",
        "highway": "bus_stop",
        "public_transport": "platform",
        "shelter": "yes"
      },
      "geometry": {
        "type": "Point",
        "coordinates": [
          -45.8561355,
          -23.1798715
        ]
      },
      "id": "node/2225306458"
    },
    {
      "type": "Feature",
      "properties": {
        "@id": "node/2225306459",
        "bench": "yes",
        "bin": "yes",
        "bus": "yes",
        "highway": "bus_stop",
        "name": "L-471",
        "public_transport": "platform",
        "shelter": "yes"
      },
      "geometry": {
        "type": "Point",
        "coordinates": [
          -45.8592778,
          -23.1802433
        ]
      },
      "id": "node/2225306459"
    },
    {
      "type": "Feature",
      "properties": {
        "@id": "node/2225306461",
        "bus": "yes",
        "highway": "bus_stop",
        "public_transport": "platform"
      },
      "geometry": {
        "type": "Point",
        "coordinates": [
          -45.8612629,
          -23.1792154
        ]
      },
      "id": "node/2225306461"
    },
    {
      "type": "Feature",
      "properties": {
        "@id": "node/2225306469",
        "bench": "yes",
        "bin": "yes",
        "bus": "yes",
        "check_date:shelter": "2024-11-12",
        "highway": "bus_stop",
        "name:signed": "no",
        "public_transport": "platform",
        "shelter": "yes"
      },
      "geometry": {
        "type": "Point",
        "coordinates": [
          -45.860824,
          -23.1804608
        ]
      },
      "id": "node/2225306469"
    },
    {
      "type": "Feature",
      "properties": {
        "@id": "node/2225306470",
        "bench": "yes",
        "bin": "yes",
        "bus": "yes",
        "highway": "bus_stop",
        "lit": "yes",
        "name": "L-475",
        "public_transport": "platform",
        "shelter": "yes"
      },
      "geometry": {
        "type": "Point",
        "coordinates": [
          -45.85407,
          -23.1799054
        ]
      },
      "id": "node/2225306470"
    },
    {
      "type": "Feature",
      "properties": {
        "@id": "node/2225306471",
        "bus": "yes",
        "highway": "bus_stop",
        "public_transport": "platform"
      },
      "geometry": {
        "type": "Point",
        "coordinates": [
          -45.8568751,
          -23.1763399
        ]
      },
      "id": "node/2225306471"
    },
    {
      "type": "Feature",
      "properties": {
        "@id": "node/2225334397",
        "bus": "yes",
        "highway": "bus_stop",
        "public_transport": "platform"
      },
      "geometry": {
        "type": "Point",
        "coordinates": [
          -45.8618191,
          -23.1780148
        ]
      },
      "id": "node/2225334397"
    },
    {
      "type": "Feature",
      "properties": {
        "@id": "node/2258527055",
        "bus": "yes",
        "highway": "bus_stop",
        "public_transport": "platform"
      },
      "geometry": {
        "type": "Point",
        "coordinates": [
          -45.8885989,
          -23.2228546
        ]
      },
      "id": "node/2258527055"
    },
    {
      "type": "Feature",
      "properties": {
        "@id": "node/2258527057",
        "bench": "yes",
        "bus": "yes",
        "departures_board": "no",
        "highway": "bus_stop",
        "name": "Parada Vale Sul Shopping",
        "public_transport": "platform",
        "shelter": "yes"
      },
      "geometry": {
        "type": "Point",
        "coordinates": [
          -45.8942167,
          -23.2172442
        ]
      },
      "id": "node/2258527057"
    },
    {
      "type": "Feature",
      "properties": {
        "@id": "node/2258527063",
        "bus": "yes",
        "highway": "bus_stop",
        "public_transport": "platform"
      },
      "geometry": {
        "type": "Point",
        "coordinates": [
          -45.8929172,
          -23.2188786
        ]
      },
      "id": "node/2258527063"
    },
    {
      "type": "Feature",
      "properties": {
        "@id": "node/2258527066",
        "bus": "yes",
        "highway": "bus_stop",
        "public_transport": "platform"
      },
      "geometry": {
        "type": "Point",
        "coordinates": [
          -45.8916298,
          -23.2196378
        ]
      },
      "id": "node/2258527066"
    },
    {
      "type": "Feature",
      "properties": {
        "@id": "node/2258527068",
        "bench": "yes",
        "bus": "yes",
        "highway": "bus_stop",
        "public_transport": "platform",
        "shelter": "yes"
      },
      "geometry": {
        "type": "Point",
        "coordinates": [
          -45.8896396,
          -23.2214126
        ]
      },
      "id": "node/2258527068"
    },
    {
      "type": "Feature",
      "properties": {
        "@id": "node/2258527069",
        "bench": "yes",
        "bus": "yes",
        "highway": "bus_stop",
        "public_transport": "platform",
        "shelter": "yes"
      },
      "geometry": {
        "type": "Point",
        "coordinates": [
          -45.8944944,
          -23.2174391
        ]
      },
      "id": "node/2258527069"
    },
    {
      "type": "Feature",
      "properties": {
        "@id": "node/2288678137",
        "bench": "yes",
        "bin": "yes",
        "bus": "yes",
        "highway": "bus_stop",
        "public_transport": "platform",
        "shelter": "yes"
      },
      "geometry": {
        "type": "Point",
        "coordinates": [
          -45.8917092,
          -23.2042616
        ]
      },
      "id": "node/2288678137"
    },
    {
      "type": "Feature",
      "properties": {
        "@id": "node/2288678138",
        "bench": "yes",
        "bin": "yes",
        "bus": "yes",
        "check_date:shelter": "2024-10-16",
        "highway": "bus_stop",
        "public_transport": "platform",
        "shelter": "yes"
      },
      "geometry": {
        "type": "Point",
        "coordinates": [
          -45.8900945,
          -23.2044501
        ]
      },
      "id": "node/2288678138"
    },
    {
      "type": "Feature",
      "properties": {
        "@id": "node/2288681784",
        "bus": "yes",
        "highway": "bus_stop",
        "public_transport": "platform"
      },
      "geometry": {
        "type": "Point",
        "coordinates": [
          -45.8859466,
          -23.2045362
        ]
      },
      "id": "node/2288681784"
    },
    {
      "type": "Feature",
      "properties": {
        "@id": "node/2298107532",
        "bus": "yes",
        "highway": "bus_stop",
        "public_transport": "platform"
      },
      "geometry": {
        "type": "Point",
        "coordinates": [
          -45.8971206,
          -23.2567441
        ]
      },
      "id": "node/2298107532"
    },
    {
      "type": "Feature",
      "properties": {
        "@id": "node/2298145659",
        "bench": "yes",
        "bus": "yes",
        "highway": "bus_stop",
        "public_transport": "platform",
        "shelter": "yes"
      },
      "geometry": {
        "type": "Point",
        "coordinates": [
          -45.8822708,
          -23.2295483
        ]
      },
      "id": "node/2298145659"
    },
    {
      "type": "Feature",
      "properties": {
        "@id": "node/2310669172",
        "bus": "yes",
        "highway": "bus_stop",
        "public_transport": "platform"
      },
      "geometry": {
        "type": "Point",
        "coordinates": [
          -45.8993151,
          -23.1576899
        ]
      },
      "id": "node/2310669172"
    },
    {
      "type": "Feature",
      "properties": {
        "@id": "node/2310669173",
        "bus": "yes",
        "highway": "bus_stop",
        "public_transport": "platform"
      },
      "geometry": {
        "type": "Point",
        "coordinates": [
          -45.8980312,
          -23.1562963
        ]
      },
      "id": "node/2310669173"
    },
    {
      "type": "Feature",
      "properties": {
        "@id": "node/2310679771",
        "bus": "yes",
        "highway": "bus_stop",
        "public_transport": "platform"
      },
      "geometry": {
        "type": "Point",
        "coordinates": [
          -45.9020321,
          -23.1564938
        ]
      },
      "id": "node/2310679771"
    },
    {
      "type": "Feature",
      "properties": {
        "@id": "node/2418582759",
        "bus": "yes",
        "highway": "bus_stop",
        "public_transport": "platform"
      },
      "geometry": {
        "type": "Point",
        "coordinates": [
          -45.8720777,
          -23.1800018
        ]
      },
      "id": "node/2418582759"
    },
    {
      "type": "Feature",
      "properties": {
        "@id": "node/2454649696",
        "bus": "yes",
        "highway": "bus_stop",
        "public_transport": "platform",
        "shelter": "no"
      },
      "geometry": {
        "type": "Point",
        "coordinates": [
          -45.8739365,
          -23.1833341
        ]
      },
      "id": "node/2454649696"
    },
    {
      "type": "Feature",
      "properties": {
        "@id": "node/2454649701",
        "bus": "yes",
        "highway": "bus_stop",
        "public_transport": "platform",
        "shelter": "no"
      },
      "geometry": {
        "type": "Point",
        "coordinates": [
          -45.8732901,
          -23.1801115
        ]
      },
      "id": "node/2454649701"
    },
    {
      "type": "Feature",
      "properties": {
        "@id": "node/2454649706",
        "bus": "yes",
        "highway": "bus_stop",
        "public_transport": "platform",
        "shelter": "no"
      },
      "geometry": {
        "type": "Point",
        "coordinates": [
          -45.8717644,
          -23.1823118
        ]
      },
      "id": "node/2454649706"
    },
    {
      "type": "Feature",
      "properties": {
        "@id": "node/2584507605",
        "bus": "yes",
        "highway": "bus_stop",
        "public_transport": "platform",
        "shelter": "yes"
      },
      "geometry": {
        "type": "Point",
        "coordinates": [
          -45.9077982,
          -23.2069389
        ]
      },
      "id": "node/2584507605"
    },
    {
      "type": "Feature",
      "properties": {
        "@id": "node/2814334639",
        "bus": "yes",
        "highway": "bus_stop",
        "public_transport": "platform",
        "shelter": "yes"
      },
      "geometry": {
        "type": "Point",
        "coordinates": [
          -45.959697,
          -22.9124599
        ]
      },
      "id": "node/2814334639"
    },
    {
      "type": "Feature",
      "properties": {
        "@id": "node/2905010251",
        "bench": "yes",
        "bin": "yes",
        "bus": "yes",
        "check_date:shelter": "2024-06-07",
        "highway": "bus_stop",
        "public_transport": "platform",
        "shelter": "yes"
      },
      "geometry": {
        "type": "Point",
        "coordinates": [
          -45.890264,
          -23.1922225
        ]
      },
      "id": "node/2905010251"
    },
    {
      "type": "Feature",
      "properties": {
        "@id": "node/2905068632",
        "bench": "no",
        "bin": "no",
        "bus": "yes",
        "highway": "bus_stop",
        "public_transport": "platform",
        "shelter": "no"
      },
      "geometry": {
        "type": "Point",
        "coordinates": [
          -45.8751535,
          -23.1915092
        ]
      },
      "id": "node/2905068632"
    },
    {
      "type": "Feature",
      "properties": {
        "@id": "node/2906620489",
        "bus": "yes",
        "highway": "bus_stop",
        "public_transport": "platform"
      },
      "geometry": {
        "type": "Point",
        "coordinates": [
          -45.835177,
          -23.1785643
        ]
      },
      "id": "node/2906620489"
    },
    {
      "type": "Feature",
      "properties": {
        "@id": "node/2906620921",
        "bench": "yes",
        "bus": "yes",
        "highway": "bus_stop",
        "public_transport": "platform",
        "shelter": "yes"
      },
      "geometry": {
        "type": "Point",
        "coordinates": [
          -45.8875207,
          -23.2234214
        ]
      },
      "id": "node/2906620921"
    },
    {
      "type": "Feature",
      "properties": {
        "@id": "node/2969569496",
        "bus": "yes",
        "highway": "bus_stop",
        "public_transport": "platform"
      },
      "geometry": {
        "type": "Point",
        "coordinates": [
          -45.8801427,
          -23.1965827
        ]
      },
      "id": "node/2969569496"
    },
    {
      "type": "Feature",
      "properties": {
        "@id": "node/2993278953",
        "bench": "yes",
        "bin": "yes",
        "bus": "yes",
        "check_date:shelter": "2025-11-05",
        "highway": "bus_stop",
        "public_transport": "platform",
        "shelter": "yes"
      },
      "geometry": {
        "type": "Point",
        "coordinates": [
          -45.9102115,
          -23.2169382
        ]
      },
      "id": "node/2993278953"
    },
    {
      "type": "Feature",
      "properties": {
        "@id": "node/3009780419",
        "bench": "yes",
        "bin": "yes",
        "bus": "yes",
        "highway": "bus_stop",
        "lit": "yes",
        "name": "C-010",
        "public_transport": "platform",
        "shelter": "yes"
      },
      "geometry": {
        "type": "Point",
        "coordinates": [
          -45.8878838,
          -23.2060394
        ]
      },
      "id": "node/3009780419"
    },
    {
      "type": "Feature",
      "properties": {
        "@id": "node/3009780420",
        "bench": "yes",
        "bus": "yes",
        "highway": "bus_stop",
        "public_transport": "platform",
        "shelter": "yes"
      },
      "geometry": {
        "type": "Point",
        "coordinates": [
          -45.8882826,
          -23.2037188
        ]
      },
      "id": "node/3009780420"
    },
    {
      "type": "Feature",
      "properties": {
        "@id": "node/3009780421",
        "bench": "yes",
        "bus": "yes",
        "highway": "bus_stop",
        "public_transport": "platform",
        "shelter": "yes"
      },
      "geometry": {
        "type": "Point",
        "coordinates": [
          -45.8886926,
          -23.2012964
        ]
      },
      "id": "node/3009780421"
    },
    {
      "type": "Feature",
      "properties": {
        "@id": "node/3009780422",
        "bench": "yes",
        "bin": "yes",
        "bus": "yes",
        "check_date:shelter": "2025-09-09",
        "highway": "bus_stop",
        "lit": "yes",
        "noname": "yes",
        "public_transport": "platform",
        "shelter": "yes"
      },
      "geometry": {
        "type": "Point",
        "coordinates": [
          -45.8890386,
          -23.1995
        ]
      },
      "id": "node/3009780422"
    },
    {
      "type": "Feature",
      "properties": {
        "@id": "node/3010897347",
        "bench": "yes",
        "bin": "yes",
        "bus": "yes",
        "check_date:shelter": "2024-10-15",
        "highway": "bus_stop",
        "public_transport": "platform",
        "shelter": "yes"
      },
      "geometry": {
        "type": "Point",
        "coordinates": [
          -45.8723065,
          -23.1869113
        ]
      },
      "id": "node/3010897347"
    },
    {
      "type": "Feature",
      "properties": {
        "@id": "node/3010897348",
        "bench": "yes",
        "bus": "yes",
        "check_date:shelter": "2024-10-16",
        "highway": "bus_stop",
        "public_transport": "platform",
        "shelter": "yes"
      },
      "geometry": {
        "type": "Point",
        "coordinates": [
          -45.8718574,
          -23.1865507
        ]
      },
      "id": "node/3010897348"
    },
    {
      "type": "Feature",
      "properties": {
        "@id": "node/3075936171",
        "bus": "yes",
        "highway": "bus_stop",
        "public_transport": "platform"
      },
      "geometry": {
        "type": "Point",
        "coordinates": [
          -45.7900244,
          -23.1884687
        ]
      },
      "id": "node/3075936171"
    },
    {
      "type": "Feature",
      "properties": {
        "@id": "node/3075936172",
        "bus": "yes",
        "highway": "bus_stop",
        "public_transport": "platform"
      },
      "geometry": {
        "type": "Point",
        "coordinates": [
          -45.7850945,
          -23.1915456
        ]
      },
      "id": "node/3075936172"
    },
    {
      "type": "Feature",
      "properties": {
        "@id": "node/3075936173",
        "bus": "yes",
        "highway": "bus_stop",
        "public_transport": "platform"
      },
      "geometry": {
        "type": "Point",
        "coordinates": [
          -45.7822251,
          -23.1941371
        ]
      },
      "id": "node/3075936173"
    },
    {
      "type": "Feature",
      "properties": {
        "@id": "node/3075936177",
        "bus": "yes",
        "highway": "bus_stop",
        "public_transport": "platform"
      },
      "geometry": {
        "type": "Point",
        "coordinates": [
          -45.7750467,
          -23.2036595
        ]
      },
      "id": "node/3075936177"
    },
    {
      "type": "Feature",
      "properties": {
        "@id": "node/3075936179",
        "bus": "yes",
        "highway": "bus_stop",
        "public_transport": "platform"
      },
      "geometry": {
        "type": "Point",
        "coordinates": [
          -45.775097,
          -23.2068952
        ]
      },
      "id": "node/3075936179"
    },
    {
      "type": "Feature",
      "properties": {
        "@id": "node/3075936180",
        "bus": "yes",
        "highway": "bus_stop",
        "public_transport": "platform"
      },
      "geometry": {
        "type": "Point",
        "coordinates": [
          -45.7735681,
          -23.2086997
        ]
      },
      "id": "node/3075936180"
    },
    {
      "type": "Feature",
      "properties": {
        "@id": "node/3075936181",
        "bus": "yes",
        "highway": "bus_stop",
        "public_transport": "platform"
      },
      "geometry": {
        "type": "Point",
        "coordinates": [
          -45.7725087,
          -23.2099397
        ]
      },
      "id": "node/3075936181"
    },
    {
      "type": "Feature",
      "properties": {
        "@id": "node/3075936184",
        "bus": "yes",
        "highway": "bus_stop",
        "public_transport": "platform"
      },
      "geometry": {
        "type": "Point",
        "coordinates": [
          -45.7816736,
          -23.1976673
        ]
      },
      "id": "node/3075936184"
    },
    {
      "type": "Feature",
      "properties": {
        "@id": "node/3075936193",
        "bus": "yes",
        "highway": "bus_stop",
        "public_transport": "platform"
      },
      "geometry": {
        "type": "Point",
        "coordinates": [
          -45.7783824,
          -23.2004605
        ]
      },
      "id": "node/3075936193"
    },
    {
      "type": "Feature",
      "properties": {
        "@id": "node/3075936194",
        "bus": "yes",
        "highway": "bus_stop",
        "public_transport": "platform"
      },
      "geometry": {
        "type": "Point",
        "coordinates": [
          -45.7781597,
          -23.2010152
        ]
      },
      "id": "node/3075936194"
    },
    {
      "type": "Feature",
      "properties": {
        "@id": "node/3075936195",
        "bus": "yes",
        "highway": "bus_stop",
        "public_transport": "platform"
      },
      "geometry": {
        "type": "Point",
        "coordinates": [
          -45.7766872,
          -23.2021689
        ]
      },
      "id": "node/3075936195"
    },
    {
      "type": "Feature",
      "properties": {
        "@id": "node/3075936196",
        "bus": "yes",
        "highway": "bus_stop",
        "public_transport": "platform"
      },
      "geometry": {
        "type": "Point",
        "coordinates": [
          -45.7761186,
          -23.2020703
        ]
      },
      "id": "node/3075936196"
    },
    {
      "type": "Feature",
      "properties": {
        "@id": "node/3075936198",
        "bus": "yes",
        "highway": "bus_stop",
        "public_transport": "platform"
      },
      "geometry": {
        "type": "Point",
        "coordinates": [
          -45.7748687,
          -23.2037171
        ]
      },
      "id": "node/3075936198"
    },
    {
      "type": "Feature",
      "properties": {
        "@id": "node/3081097743",
        "bench": "no",
        "bin": "yes",
        "bus": "yes",
        "highway": "bus_stop",
        "name:signed": "no",
        "public_transport": "platform",
        "shelter": "no"
      },
      "geometry": {
        "type": "Point",
        "coordinates": [
          -45.8918657,
          -23.2078719
        ]
      },
      "id": "node/3081097743"
    },
    {
      "type": "Feature",
      "properties": {
        "@id": "node/3081097744",
        "bus": "yes",
        "highway": "bus_stop",
        "public_transport": "platform"
      },
      "geometry": {
        "type": "Point",
        "coordinates": [
          -45.8901518,
          -23.2079459
        ]
      },
      "id": "node/3081097744"
    },
    {
      "type": "Feature",
      "properties": {
        "@id": "node/3081097745",
        "bench": "yes",
        "bin": "yes",
        "bus": "yes",
        "highway": "bus_stop",
        "name:signed": "no",
        "public_transport": "platform",
        "shelter": "yes"
      },
      "geometry": {
        "type": "Point",
        "coordinates": [
          -45.8947598,
          -23.2065506
        ]
      },
      "id": "node/3081097745"
    },
    {
      "type": "Feature",
      "properties": {
        "@id": "node/3086690447",
        "bus": "yes",
        "highway": "bus_stop",
        "public_transport": "platform",
        "shelter": "yes"
      },
      "geometry": {
        "type": "Point",
        "coordinates": [
          -45.8479841,
          -23.1803511
        ]
      },
      "id": "node/3086690447"
    },
    {
      "type": "Feature",
      "properties": {
        "@id": "node/3086690448",
        "bus": "yes",
        "highway": "bus_stop",
        "public_transport": "platform",
        "shelter": "yes"
      },
      "geometry": {
        "type": "Point",
        "coordinates": [
          -45.8474727,
          -23.1805918
        ]
      },
      "id": "node/3086690448"
    },
    {
      "type": "Feature",
      "properties": {
        "@id": "node/3175146515",
        "bus": "yes",
        "highway": "bus_stop",
        "public_transport": "platform"
      },
      "geometry": {
        "type": "Point",
        "coordinates": [
          -45.9084894,
          -23.1238129
        ]
      },
      "id": "node/3175146515"
    },
    {
      "type": "Feature",
      "properties": {
        "@id": "node/3175146516",
        "bench": "yes",
        "bus": "yes",
        "highway": "bus_stop",
        "public_transport": "platform",
        "shelter": "yes"
      },
      "geometry": {
        "type": "Point",
        "coordinates": [
          -45.9086653,
          -23.1238233
        ]
      },
      "id": "node/3175146516"
    },
    {
      "type": "Feature",
      "properties": {
        "@id": "node/3175146522",
        "bus": "yes",
        "highway": "bus_stop",
        "public_transport": "platform"
      },
      "geometry": {
        "type": "Point",
        "coordinates": [
          -45.9096641,
          -23.121234
        ]
      },
      "id": "node/3175146522"
    },
    {
      "type": "Feature",
      "properties": {
        "@id": "node/3175146523",
        "bench": "yes",
        "bin": "yes",
        "bus": "yes",
        "highway": "bus_stop",
        "public_transport": "platform",
        "shelter": "yes"
      },
      "geometry": {
        "type": "Point",
        "coordinates": [
          -45.9096426,
          -23.120864
        ]
      },
      "id": "node/3175146523"
    },
    {
      "type": "Feature",
      "properties": {
        "@id": "node/3175146526",
        "bus": "yes",
        "highway": "bus_stop",
        "public_transport": "platform"
      },
      "geometry": {
        "type": "Point",
        "coordinates": [
          -45.9110702,
          -23.1199633
        ]
      },
      "id": "node/3175146526"
    },
    {
      "type": "Feature",
      "properties": {
        "@id": "node/3175179762",
        "bus": "yes",
        "highway": "bus_stop",
        "public_transport": "platform"
      },
      "geometry": {
        "type": "Point",
        "coordinates": [
          -45.9132903,
          -23.1161178
        ]
      },
      "id": "node/3175179762"
    },
    {
      "type": "Feature",
      "properties": {
        "@id": "node/3175179764",
        "bench": "yes",
        "bus": "yes",
        "highway": "bus_stop",
        "public_transport": "platform",
        "shelter": "yes"
      },
      "geometry": {
        "type": "Point",
        "coordinates": [
          -45.9139419,
          -23.1150521
        ]
      },
      "id": "node/3175179764"
    },
    {
      "type": "Feature",
      "properties": {
        "@id": "node/3175179765",
        "bus": "yes",
        "highway": "bus_stop",
        "public_transport": "platform"
      },
      "geometry": {
        "type": "Point",
        "coordinates": [
          -45.9139553,
          -23.1146056
        ]
      },
      "id": "node/3175179765"
    },
    {
      "type": "Feature",
      "properties": {
        "@id": "node/3175179769",
        "bus": "yes",
        "highway": "bus_stop",
        "public_transport": "platform",
        "shelter": "yes"
      },
      "geometry": {
        "type": "Point",
        "coordinates": [
          -45.9158162,
          -23.11309
        ]
      },
      "id": "node/3175179769"
    },
    {
      "type": "Feature",
      "properties": {
        "@id": "node/3175179770",
        "bench": "yes",
        "bin": "yes",
        "bus": "yes",
        "highway": "bus_stop",
        "public_transport": "platform",
        "shelter": "yes"
      },
      "geometry": {
        "type": "Point",
        "coordinates": [
          -45.915822,
          -23.1132104
        ]
      },
      "id": "node/3175179770"
    },
    {
      "type": "Feature",
      "properties": {
        "@id": "node/3175193290",
        "bus": "yes",
        "highway": "bus_stop",
        "public_transport": "platform"
      },
      "geometry": {
        "type": "Point",
        "coordinates": [
          -45.9181474,
          -23.1106413
        ]
      },
      "id": "node/3175193290"
    },
    {
      "type": "Feature",
      "properties": {
        "@id": "node/3175193293",
        "bus": "yes",
        "highway": "bus_stop",
        "public_transport": "platform"
      },
      "geometry": {
        "type": "Point",
        "coordinates": [
          -45.9180535,
          -23.1078807
        ]
      },
      "id": "node/3175193293"
    },
    {
      "type": "Feature",
      "properties": {
        "@id": "node/3194242044",
        "bus": "yes",
        "highway": "bus_stop",
        "public_transport": "platform"
      },
      "geometry": {
        "type": "Point",
        "coordinates": [
          -45.8759131,
          -23.1981724
        ]
      },
      "id": "node/3194242044"
    },
    {
      "type": "Feature",
      "properties": {
        "@id": "node/3224261065",
        "bench": "yes",
        "bin": "yes",
        "bus": "yes",
        "check_date:shelter": "2025-09-09",
        "highway": "bus_stop",
        "lit": "yes",
        "noname": "yes",
        "public_transport": "platform",
        "shelter": "yes"
      },
      "geometry": {
        "type": "Point",
        "coordinates": [
          -45.8921039,
          -23.1995541
        ]
      },
      "id": "node/3224261065"
    },
    {
      "type": "Feature",
      "properties": {
        "@id": "node/3353162279",
        "bus": "yes",
        "highway": "bus_stop",
        "public_transport": "platform"
      },
      "geometry": {
        "type": "Point",
        "coordinates": [
          -45.9066144,
          -23.2040935
        ]
      },
      "id": "node/3353162279"
    },
    {
      "type": "Feature",
      "properties": {
        "@id": "node/3353164639",
        "bus": "yes",
        "highway": "bus_stop",
        "public_transport": "platform"
      },
      "geometry": {
        "type": "Point",
        "coordinates": [
          -45.9074385,
          -23.1956518
        ]
      },
      "id": "node/3353164639"
    },
    {
      "type": "Feature",
      "properties": {
        "@id": "node/3353164646",
        "bus": "yes",
        "highway": "bus_stop",
        "public_transport": "platform"
      },
      "geometry": {
        "type": "Point",
        "coordinates": [
          -45.9041649,
          -23.1932245
        ]
      },
      "id": "node/3353164646"
    },
    {
      "type": "Feature",
      "properties": {
        "@id": "node/3353168644",
        "bus": "yes",
        "highway": "bus_stop",
        "noname": "yes",
        "public_transport": "platform"
      },
      "geometry": {
        "type": "Point",
        "coordinates": [
          -45.8944241,
          -23.1927351
        ]
      },
      "id": "node/3353168644"
    },
    {
      "type": "Feature",
      "properties": {
        "@id": "node/3472635093",
        "bus": "yes",
        "highway": "bus_stop",
        "noname": "yes",
        "public_transport": "platform",
        "shelter": "yes",
        "tactile_paving": "no"
      },
      "geometry": {
        "type": "Point",
        "coordinates": [
          -45.8862098,
          -23.1742159
        ]
      },
      "id": "node/3472635093"
    },
    {
      "type": "Feature",
      "properties": {
        "@id": "node/3684294765",
        "bus": "yes",
        "highway": "bus_stop",
        "public_transport": "platform"
      },
      "geometry": {
        "type": "Point",
        "coordinates": [
          -45.890593,
          -23.2209878
        ]
      },
      "id": "node/3684294765"
    },
    {
      "type": "Feature",
      "properties": {
        "@id": "node/3684294766",
        "bus": "yes",
        "departures_board": "no",
        "highway": "bus_stop",
        "public_transport": "platform"
      },
      "geometry": {
        "type": "Point",
        "coordinates": [
          -45.8861271,
          -23.22505
        ]
      },
      "id": "node/3684294766"
    },
    {
      "type": "Feature",
      "properties": {
        "@id": "node/3684294767",
        "bus": "yes",
        "highway": "bus_stop",
        "public_transport": "platform"
      },
      "geometry": {
        "type": "Point",
        "coordinates": [
          -45.8848772,
          -23.2261493
        ]
      },
      "id": "node/3684294767"
    },
    {
      "type": "Feature",
      "properties": {
        "@id": "node/3684294768",
        "bench": "yes",
        "bus": "yes",
        "departures_board": "no",
        "highway": "bus_stop",
        "public_transport": "platform",
        "shelter": "yes"
      },
      "geometry": {
        "type": "Point",
        "coordinates": [
          -45.8841986,
          -23.2282518
        ]
      },
      "id": "node/3684294768"
    },
    {
      "type": "Feature",
      "properties": {
        "@id": "node/3684294769",
        "bus": "yes",
        "highway": "bus_stop",
        "public_transport": "platform"
      },
      "geometry": {
        "type": "Point",
        "coordinates": [
          -45.8845339,
          -23.2287718
        ]
      },
      "id": "node/3684294769"
    },
    {
      "type": "Feature",
      "properties": {
        "@id": "node/3744974355",
        "bus": "yes",
        "highway": "bus_stop",
        "public_transport": "platform"
      },
      "geometry": {
        "type": "Point",
        "coordinates": [
          -45.8885341,
          -23.1932217
        ]
      },
      "id": "node/3744974355"
    },
    {
      "type": "Feature",
      "properties": {
        "@id": "node/3744974356",
        "bench": "yes",
        "bus": "yes",
        "highway": "bus_stop",
        "public_transport": "platform",
        "shelter": "yes"
      },
      "geometry": {
        "type": "Point",
        "coordinates": [
          -45.8872414,
          -23.1977739
        ]
      },
      "id": "node/3744974356"
    },
    {
      "type": "Feature",
      "properties": {
        "@id": "node/3744974357",
        "bus": "yes",
        "highway": "bus_stop",
        "public_transport": "platform"
      },
      "geometry": {
        "type": "Point",
        "coordinates": [
          -45.8860924,
          -23.2017967
        ]
      },
      "id": "node/3744974357"
    },
    {
      "type": "Feature",
      "properties": {
        "@id": "node/3744974396",
        "bus": "yes",
        "highway": "bus_stop",
        "public_transport": "platform"
      },
      "geometry": {
        "type": "Point",
        "coordinates": [
          -45.8671819,
          -23.1952265
        ]
      },
      "id": "node/3744974396"
    },
    {
      "type": "Feature",
      "properties": {
        "@id": "node/3744974397",
        "bus": "yes",
        "highway": "bus_stop",
        "public_transport": "platform"
      },
      "geometry": {
        "type": "Point",
        "coordinates": [
          -45.8652131,
          -23.1970333
        ]
      },
      "id": "node/3744974397"
    },
    {
      "type": "Feature",
      "properties": {
        "@id": "node/3744974407",
        "bus": "yes",
        "highway": "bus_stop",
        "public_transport": "platform"
      },
      "geometry": {
        "type": "Point",
        "coordinates": [
          -45.8632689,
          -23.2009838
        ]
      },
      "id": "node/3744974407"
    },
    {
      "type": "Feature",
      "properties": {
        "@id": "node/3744974408",
        "bus": "yes",
        "highway": "bus_stop",
        "public_transport": "platform"
      },
      "geometry": {
        "type": "Point",
        "coordinates": [
          -45.8613387,
          -23.2030922
        ]
      },
      "id": "node/3744974408"
    },
    {
      "type": "Feature",
      "properties": {
        "@id": "node/3744974409",
        "bench": "yes",
        "bus": "yes",
        "highway": "bus_stop",
        "public_transport": "platform",
        "shelter": "yes"
      },
      "geometry": {
        "type": "Point",
        "coordinates": [
          -45.8597923,
          -23.2063258
        ]
      },
      "id": "node/3744974409"
    },
    {
      "type": "Feature",
      "properties": {
        "@id": "node/4236260683",
        "addr:city": "São José dos Campos",
        "addr:street": "Avenida Geraldo Fernandes da Silva",
        "addr:suburb": "galo branco",
        "bench": "yes",
        "bus": "yes",
        "covered": "yes",
        "highway": "bus_stop",
        "name": "Ponto Final",
        "public_transport": "platform",
        "shelter": "yes"
      },
      "geometry": {
        "type": "Point",
        "coordinates": [
          -45.7683693,
          -23.1337664
        ]
      },
      "id": "node/4236260683"
    },
    {
      "type": "Feature",
      "properties": {
        "@id": "node/4340533355",
        "bus": "yes",
        "highway": "bus_stop",
        "public_transport": "platform"
      },
      "geometry": {
        "type": "Point",
        "coordinates": [
          -45.7918743,
          -23.1877511
        ]
      },
      "id": "node/4340533355"
    },
    {
      "type": "Feature",
      "properties": {
        "@id": "node/4760013117",
        "bus": "yes",
        "highway": "bus_stop",
        "public_transport": "platform"
      },
      "geometry": {
        "type": "Point",
        "coordinates": [
          -45.8814829,
          -23.1956727
        ]
      },
      "id": "node/4760013117"
    },
    {
      "type": "Feature",
      "properties": {
        "@id": "node/4760014336",
        "bench": "no",
        "bus": "yes",
        "highway": "bus_stop",
        "public_transport": "platform",
        "shelter": "no"
      },
      "geometry": {
        "type": "Point",
        "coordinates": [
          -45.859757,
          -23.1840309
        ]
      },
      "id": "node/4760014336"
    },
    {
      "type": "Feature",
      "properties": {
        "@id": "node/4768537272",
        "bench": "yes",
        "bus": "yes",
        "highway": "bus_stop",
        "public_transport": "platform",
        "shelter": "yes"
      },
      "geometry": {
        "type": "Point",
        "coordinates": [
          -45.8873985,
          -23.185514
        ]
      },
      "id": "node/4768537272"
    },
    {
      "type": "Feature",
      "properties": {
        "@id": "node/4768537273",
        "bus": "yes",
        "highway": "bus_stop",
        "public_transport": "platform"
      },
      "geometry": {
        "type": "Point",
        "coordinates": [
          -45.8875004,
          -23.1845673
        ]
      },
      "id": "node/4768537273"
    },
    {
      "type": "Feature",
      "properties": {
        "@id": "node/4768537274",
        "bus": "yes",
        "highway": "bus_stop",
        "public_transport": "platform"
      },
      "geometry": {
        "type": "Point",
        "coordinates": [
          -45.8874629,
          -23.1848927
        ]
      },
      "id": "node/4768537274"
    },
    {
      "type": "Feature",
      "properties": {
        "@id": "node/4768537275",
        "bus": "yes",
        "highway": "bus_stop",
        "public_transport": "platform"
      },
      "geometry": {
        "type": "Point",
        "coordinates": [
          -45.8833024,
          -23.1853754
        ]
      },
      "id": "node/4768537275"
    },
    {
      "type": "Feature",
      "properties": {
        "@id": "node/5256882641",
        "bench": "yes",
        "bus": "yes",
        "highway": "bus_stop",
        "network": "CS Brasil",
        "public_transport": "platform",
        "shelter": "yes"
      },
      "geometry": {
        "type": "Point",
        "coordinates": [
          -45.8907283,
          -23.1570706
        ]
      },
      "id": "node/5256882641"
    },
    {
      "type": "Feature",
      "properties": {
        "@id": "node/5256882642",
        "bench": "yes",
        "bus": "yes",
        "highway": "bus_stop",
        "network": "CS Brasil",
        "public_transport": "platform",
        "shelter": "yes"
      },
      "geometry": {
        "type": "Point",
        "coordinates": [
          -45.8915456,
          -23.1575393
        ]
      },
      "id": "node/5256882642"
    },
    {
      "type": "Feature",
      "properties": {
        "@id": "node/5256882643",
        "bench": "yes",
        "bus": "yes",
        "highway": "bus_stop",
        "network": "CS Brasil",
        "public_transport": "platform",
        "shelter": "yes"
      },
      "geometry": {
        "type": "Point",
        "coordinates": [
          -45.8896516,
          -23.1574203
        ]
      },
      "id": "node/5256882643"
    },
    {
      "type": "Feature",
      "properties": {
        "@id": "node/5309365088",
        "bus": "yes",
        "highway": "bus_stop",
        "network": "325",
        "public_transport": "platform",
        "shelter": "yes"
      },
      "geometry": {
        "type": "Point",
        "coordinates": [
          -45.8925406,
          -23.2479524
        ]
      },
      "id": "node/5309365088"
    },
    {
      "type": "Feature",
      "properties": {
        "@id": "node/5309390720",
        "bus": "yes",
        "highway": "bus_stop",
        "public_transport": "platform"
      },
      "geometry": {
        "type": "Point",
        "coordinates": [
          -45.8945964,
          -23.2467155
        ]
      },
      "id": "node/5309390720"
    },
    {
      "type": "Feature",
      "properties": {
        "@id": "node/5330751887",
        "bus": "yes",
        "highway": "bus_stop",
        "public_transport": "platform"
      },
      "geometry": {
        "type": "Point",
        "coordinates": [
          -45.9114081,
          -23.2238335
        ]
      },
      "id": "node/5330751887"
    },
    {
      "type": "Feature",
      "properties": {
        "@id": "node/5335782555",
        "bench": "yes",
        "bin": "yes",
        "bus": "yes",
        "highway": "bus_stop",
        "public_transport": "platform",
        "shelter": "yes"
      },
      "geometry": {
        "type": "Point",
        "coordinates": [
          -45.9111254,
          -23.2216
        ]
      },
      "id": "node/5335782555"
    },
    {
      "type": "Feature",
      "properties": {
        "@id": "node/5394261627",
        "bus": "yes",
        "highway": "bus_stop",
        "public_transport": "platform"
      },
      "geometry": {
        "type": "Point",
        "coordinates": [
          -45.9089821,
          -23.1587153
        ]
      },
      "id": "node/5394261627"
    },
    {
      "type": "Feature",
      "properties": {
        "@id": "node/5394261628",
        "bus": "yes",
        "highway": "bus_stop",
        "public_transport": "platform"
      },
      "geometry": {
        "type": "Point",
        "coordinates": [
          -45.909244,
          -23.1581204
        ]
      },
      "id": "node/5394261628"
    },
    {
      "type": "Feature",
      "properties": {
        "@id": "node/5394322274",
        "bus": "yes",
        "highway": "bus_stop",
        "public_transport": "platform"
      },
      "geometry": {
        "type": "Point",
        "coordinates": [
          -45.9093475,
          -23.1600258
        ]
      },
      "id": "node/5394322274"
    },
    {
      "type": "Feature",
      "properties": {
        "@id": "node/5394322275",
        "bus": "yes",
        "highway": "bus_stop",
        "public_transport": "platform"
      },
      "geometry": {
        "type": "Point",
        "coordinates": [
          -45.9094339,
          -23.1604723
        ]
      },
      "id": "node/5394322275"
    },
    {
      "type": "Feature",
      "properties": {
        "@id": "node/5394322276",
        "bus": "yes",
        "highway": "bus_stop",
        "public_transport": "platform"
      },
      "geometry": {
        "type": "Point",
        "coordinates": [
          -45.9093141,
          -23.1609787
        ]
      },
      "id": "node/5394322276"
    },
    {
      "type": "Feature",
      "properties": {
        "@id": "node/5394322277",
        "bus": "yes",
        "highway": "bus_stop",
        "public_transport": "platform"
      },
      "geometry": {
        "type": "Point",
        "coordinates": [
          -45.9093726,
          -23.1608852
        ]
      },
      "id": "node/5394322277"
    },
    {
      "type": "Feature",
      "properties": {
        "@id": "node/5394454833",
        "bus": "yes",
        "highway": "bus_stop",
        "public_transport": "platform"
      },
      "geometry": {
        "type": "Point",
        "coordinates": [
          -45.9027835,
          -23.1527759
        ]
      },
      "id": "node/5394454833"
    },
    {
      "type": "Feature",
      "properties": {
        "@id": "node/5394454843",
        "bus": "yes",
        "highway": "bus_stop",
        "public_transport": "platform"
      },
      "geometry": {
        "type": "Point",
        "coordinates": [
          -45.9092016,
          -23.159223
        ]
      },
      "id": "node/5394454843"
    },
    {
      "type": "Feature",
      "properties": {
        "@id": "node/5415063013",
        "bench": "yes",
        "bus": "yes",
        "highway": "bus_stop",
        "public_transport": "platform",
        "shelter": "yes"
      },
      "geometry": {
        "type": "Point",
        "coordinates": [
          -45.9095018,
          -23.2128934
        ]
      },
      "id": "node/5415063013"
    },
    {
      "type": "Feature",
      "properties": {
        "@id": "node/5415063014",
        "bench": "yes",
        "bus": "yes",
        "highway": "bus_stop",
        "public_transport": "platform",
        "shelter": "yes"
      },
      "geometry": {
        "type": "Point",
        "coordinates": [
          -45.9099088,
          -23.2133748
        ]
      },
      "id": "node/5415063014"
    },
    {
      "type": "Feature",
      "properties": {
        "@id": "node/5415063015",
        "bench": "yes",
        "bin": "yes",
        "bus": "yes",
        "check_date:shelter": "2025-11-05",
        "highway": "bus_stop",
        "public_transport": "platform",
        "shelter": "yes"
      },
      "geometry": {
        "type": "Point",
        "coordinates": [
          -45.910399,
          -23.216738
        ]
      },
      "id": "node/5415063015"
    },
    {
      "type": "Feature",
      "properties": {
        "@id": "node/5664975209",
        "bus": "yes",
        "highway": "bus_stop",
        "public_transport": "platform"
      },
      "geometry": {
        "type": "Point",
        "coordinates": [
          -45.9010362,
          -23.2298074
        ]
      },
      "id": "node/5664975209"
    },
    {
      "type": "Feature",
      "properties": {
        "@id": "node/5664975210",
        "bus": "yes",
        "highway": "bus_stop",
        "public_transport": "platform"
      },
      "geometry": {
        "type": "Point",
        "coordinates": [
          -45.9008563,
          -23.2296811
        ]
      },
      "id": "node/5664975210"
    },
    {
      "type": "Feature",
      "properties": {
        "@id": "node/5664975211",
        "bus": "yes",
        "highway": "bus_stop",
        "public_transport": "platform"
      },
      "geometry": {
        "type": "Point",
        "coordinates": [
          -45.9017912,
          -23.2326994
        ]
      },
      "id": "node/5664975211"
    },
    {
      "type": "Feature",
      "properties": {
        "@id": "node/5664975212",
        "bus": "yes",
        "departures_board": "no",
        "highway": "bus_stop",
        "public_transport": "platform",
        "shelter": "yes"
      },
      "geometry": {
        "type": "Point",
        "coordinates": [
          -45.8990715,
          -23.2319092
        ]
      },
      "id": "node/5664975212"
    },
    {
      "type": "Feature",
      "properties": {
        "@id": "node/5664975213",
        "bus": "yes",
        "highway": "bus_stop",
        "public_transport": "platform"
      },
      "geometry": {
        "type": "Point",
        "coordinates": [
          -45.8985815,
          -23.2317714
        ]
      },
      "id": "node/5664975213"
    },
    {
      "type": "Feature",
      "properties": {
        "@id": "node/5664975214",
        "bus": "yes",
        "highway": "bus_stop",
        "public_transport": "platform"
      },
      "geometry": {
        "type": "Point",
        "coordinates": [
          -45.8973692,
          -23.230701
        ]
      },
      "id": "node/5664975214"
    },
    {
      "type": "Feature",
      "properties": {
        "@id": "node/5664975215",
        "bus": "yes",
        "highway": "bus_stop",
        "public_transport": "platform"
      },
      "geometry": {
        "type": "Point",
        "coordinates": [
          -45.8967043,
          -23.2319942
        ]
      },
      "id": "node/5664975215"
    },
    {
      "type": "Feature",
      "properties": {
        "@id": "node/5664975216",
        "bus": "yes",
        "highway": "bus_stop",
        "public_transport": "platform"
      },
      "geometry": {
        "type": "Point",
        "coordinates": [
          -45.8971017,
          -23.2321251
        ]
      },
      "id": "node/5664975216"
    },
    {
      "type": "Feature",
      "properties": {
        "@id": "node/5664975217",
        "bus": "yes",
        "highway": "bus_stop",
        "public_transport": "platform"
      },
      "geometry": {
        "type": "Point",
        "coordinates": [
          -45.8958669,
          -23.2318724
        ]
      },
      "id": "node/5664975217"
    },
    {
      "type": "Feature",
      "properties": {
        "@id": "node/5664975218",
        "bus": "yes",
        "highway": "bus_stop",
        "public_transport": "platform"
      },
      "geometry": {
        "type": "Point",
        "coordinates": [
          -45.8936978,
          -23.2319452
        ]
      },
      "id": "node/5664975218"
    },
    {
      "type": "Feature",
      "properties": {
        "@id": "node/5664975219",
        "bus": "yes",
        "highway": "bus_stop",
        "public_transport": "platform"
      },
      "geometry": {
        "type": "Point",
        "coordinates": [
          -45.8936977,
          -23.2321305
        ]
      },
      "id": "node/5664975219"
    },
    {
      "type": "Feature",
      "properties": {
        "@id": "node/5762231378",
        "bench": "yes",
        "bus": "yes",
        "highway": "bus_stop",
        "public_transport": "platform",
        "shelter": "yes"
      },
      "geometry": {
        "type": "Point",
        "coordinates": [
          -45.7941478,
          -23.1631265
        ]
      },
      "id": "node/5762231378"
    },
    {
      "type": "Feature",
      "properties": {
        "@id": "node/5762263256",
        "bench": "yes",
        "bus": "yes",
        "highway": "bus_stop",
        "public_transport": "platform",
        "shelter": "yes"
      },
      "geometry": {
        "type": "Point",
        "coordinates": [
          -45.7947592,
          -23.1624128
        ]
      },
      "id": "node/5762263256"
    },
    {
      "type": "Feature",
      "properties": {
        "@id": "node/5762263257",
        "bench": "yes",
        "bus": "yes",
        "highway": "bus_stop",
        "public_transport": "platform",
        "shelter": "yes"
      },
      "geometry": {
        "type": "Point",
        "coordinates": [
          -45.7953479,
          -23.1617559
        ]
      },
      "id": "node/5762263257"
    },
    {
      "type": "Feature",
      "properties": {
        "@id": "node/5874051791",
        "bus": "yes",
        "highway": "bus_stop",
        "public_transport": "platform"
      },
      "geometry": {
        "type": "Point",
        "coordinates": [
          -45.8900301,
          -23.2160264
        ]
      },
      "id": "node/5874051791"
    },
    {
      "type": "Feature",
      "properties": {
        "@id": "node/5874051792",
        "bus": "yes",
        "departures_board": "no",
        "highway": "bus_stop",
        "public_transport": "platform"
      },
      "geometry": {
        "type": "Point",
        "coordinates": [
          -45.8868841,
          -23.2188964
        ]
      },
      "id": "node/5874051792"
    },
    {
      "type": "Feature",
      "properties": {
        "@id": "node/5874051793",
        "bus": "yes",
        "departures_board": "no",
        "highway": "bus_stop",
        "public_transport": "platform"
      },
      "geometry": {
        "type": "Point",
        "coordinates": [
          -45.8856318,
          -23.2200359
        ]
      },
      "id": "node/5874051793"
    },
    {
      "type": "Feature",
      "properties": {
        "@id": "node/5874051794",
        "bench": "yes",
        "bus": "yes",
        "highway": "bus_stop",
        "public_transport": "platform",
        "shelter": "yes"
      },
      "geometry": {
        "type": "Point",
        "coordinates": [
          -45.8873462,
          -23.2156047
        ]
      },
      "id": "node/5874051794"
    },
    {
      "type": "Feature",
      "properties": {
        "@id": "node/5874051795",
        "bus": "yes",
        "highway": "bus_stop",
        "public_transport": "platform"
      },
      "geometry": {
        "type": "Point",
        "coordinates": [
          -45.8841721,
          -23.2056803
        ]
      },
      "id": "node/5874051795"
    },
    {
      "type": "Feature",
      "properties": {
        "@id": "node/5874051797",
        "bus": "yes",
        "highway": "bus_stop",
        "name": "Rua Roma, 449-517",
        "network": "EMTU",
        "network:short": "EMTU",
        "network:wikidata": "Q5374439",
        "network:wikipedia": "pt:Empresa Metropolitana de Transportes Urbanos de São Paulo",
        "public_transport": "platform",
        "public_transport:version": "2",
        "route_ref": "5503"
      },
      "geometry": {
        "type": "Point",
        "coordinates": [
          -45.8820355,
          -23.1975057
        ]
      },
      "id": "node/5874051797"
    },
    {
      "type": "Feature",
      "properties": {
        "@id": "node/5880248563",
        "bus": "yes",
        "highway": "bus_stop",
        "public_transport": "platform"
      },
      "geometry": {
        "type": "Point",
        "coordinates": [
          -45.8869354,
          -23.1857984
        ]
      },
      "id": "node/5880248563"
    },
    {
      "type": "Feature",
      "properties": {
        "@id": "node/6140788864",
        "bus": "yes",
        "highway": "bus_stop",
        "public_transport": "platform"
      },
      "geometry": {
        "type": "Point",
        "coordinates": [
          -45.8726909,
          -23.1889124
        ]
      },
      "id": "node/6140788864"
    },
    {
      "type": "Feature",
      "properties": {
        "@id": "node/6140788890",
        "bus": "yes",
        "highway": "bus_stop",
        "public_transport": "platform"
      },
      "geometry": {
        "type": "Point",
        "coordinates": [
          -45.8834093,
          -23.1854356
        ]
      },
      "id": "node/6140788890"
    },
    {
      "type": "Feature",
      "properties": {
        "@id": "node/6256054322",
        "bench": "yes",
        "bus": "yes",
        "highway": "bus_stop",
        "public_transport": "platform",
        "shelter": "yes"
      },
      "geometry": {
        "type": "Point",
        "coordinates": [
          -45.8915163,
          -23.1711992
        ]
      },
      "id": "node/6256054322"
    },
    {
      "type": "Feature",
      "properties": {
        "@id": "node/6273636693",
        "bus": "yes",
        "highway": "bus_stop",
        "public_transport": "platform"
      },
      "geometry": {
        "type": "Point",
        "coordinates": [
          -45.8785921,
          -23.1774979
        ]
      },
      "id": "node/6273636693"
    },
    {
      "type": "Feature",
      "properties": {
        "@id": "node/6340921648",
        "bench": "no",
        "bus": "yes",
        "highway": "bus_stop",
        "public_transport": "platform",
        "shelter": "no"
      },
      "geometry": {
        "type": "Point",
        "coordinates": [
          -45.8570256,
          -23.2122898
        ]
      },
      "id": "node/6340921648"
    },
    {
      "type": "Feature",
      "properties": {
        "@id": "node/6340921649",
        "bench": "yes",
        "bus": "yes",
        "highway": "bus_stop",
        "note": "Verificar se pode posicionar melhor",
        "public_transport": "platform",
        "shelter": "yes"
      },
      "geometry": {
        "type": "Point",
        "coordinates": [
          -45.857189,
          -23.2125197
        ]
      },
      "id": "node/6340921649"
    },
    {
      "type": "Feature",
      "properties": {
        "@id": "node/6340921650",
        "bench": "yes",
        "bus": "yes",
        "highway": "bus_stop",
        "public_transport": "platform",
        "shelter": "yes"
      },
      "geometry": {
        "type": "Point",
        "coordinates": [
          -45.8565228,
          -23.2146316
        ]
      },
      "id": "node/6340921650"
    },
    {
      "type": "Feature",
      "properties": {
        "@id": "node/6340921651",
        "bench": "no",
        "bus": "yes",
        "highway": "bus_stop",
        "public_transport": "platform",
        "shelter": "no"
      },
      "geometry": {
        "type": "Point",
        "coordinates": [
          -45.8567391,
          -23.2147042
        ]
      },
      "id": "node/6340921651"
    },
    {
      "type": "Feature",
      "properties": {
        "@id": "node/6348609292",
        "bench": "yes",
        "bus": "yes",
        "highway": "bus_stop",
        "public_transport": "platform",
        "shelter": "yes"
      },
      "geometry": {
        "type": "Point",
        "coordinates": [
          -45.8584062,
          -23.2081327
        ]
      },
      "id": "node/6348609292"
    },
    {
      "type": "Feature",
      "properties": {
        "@id": "node/6348609293",
        "bench": "yes",
        "bus": "yes",
        "highway": "bus_stop",
        "public_transport": "platform",
        "shelter": "yes"
      },
      "geometry": {
        "type": "Point",
        "coordinates": [
          -45.8581238,
          -23.2082115
        ]
      },
      "id": "node/6348609293"
    },
    {
      "type": "Feature",
      "properties": {
        "@id": "node/6348609294",
        "bench": "yes",
        "bus": "yes",
        "highway": "bus_stop",
        "public_transport": "platform",
        "shelter": "yes"
      },
      "geometry": {
        "type": "Point",
        "coordinates": [
          -45.8597966,
          -23.2066904
        ]
      },
      "id": "node/6348609294"
    },
    {
      "type": "Feature",
      "properties": {
        "@id": "node/6426060623",
        "bench": "yes",
        "bus": "yes",
        "highway": "bus_stop",
        "public_transport": "platform",
        "shelter": "yes"
      },
      "geometry": {
        "type": "Point",
        "coordinates": [
          -45.9045438,
          -23.2067674
        ]
      },
      "id": "node/6426060623"
    },
    {
      "type": "Feature",
      "properties": {
        "@id": "node/6550520966",
        "bench": "yes",
        "bin": "yes",
        "bus": "yes",
        "highway": "bus_stop",
        "public_transport": "platform",
        "shelter": "yes"
      },
      "geometry": {
        "type": "Point",
        "coordinates": [
          -45.9055781,
          -23.2069573
        ]
      },
      "id": "node/6550520966"
    },
    {
      "type": "Feature",
      "properties": {
        "@id": "node/6550520967",
        "bench": "yes",
        "bin": "yes",
        "bus": "yes",
        "check_date:shelter": "2024-10-15",
        "highway": "bus_stop",
        "noname": "yes",
        "public_transport": "platform",
        "shelter": "yes"
      },
      "geometry": {
        "type": "Point",
        "coordinates": [
          -45.9022133,
          -23.201052
        ]
      },
      "id": "node/6550520967"
    },
    {
      "type": "Feature",
      "properties": {
        "@id": "node/6550520968",
        "bench": "yes",
        "bus": "yes",
        "check_date:shelter": "2024-10-31",
        "highway": "bus_stop",
        "public_transport": "platform",
        "shelter": "yes"
      },
      "geometry": {
        "type": "Point",
        "coordinates": [
          -45.8884482,
          -23.1800294
        ]
      },
      "id": "node/6550520968"
    },
    {
      "type": "Feature",
      "properties": {
        "@id": "node/6559021846",
        "bus": "yes",
        "highway": "bus_stop",
        "public_transport": "platform",
        "shelter": "yes"
      },
      "geometry": {
        "type": "Point",
        "coordinates": [
          -45.9077219,
          -23.2042366
        ]
      },
      "id": "node/6559021846"
    },
    {
      "type": "Feature",
      "properties": {
        "@id": "node/6559021847",
        "bus": "yes",
        "departures_board": "yes",
        "highway": "bus_stop",
        "public_transport": "platform",
        "shelter": "yes"
      },
      "geometry": {
        "type": "Point",
        "coordinates": [
          -45.9157432,
          -23.1983574
        ]
      },
      "id": "node/6559021847"
    },
    {
      "type": "Feature",
      "properties": {
        "@id": "node/6559021848",
        "bench": "yes",
        "bin": "yes",
        "bus": "yes",
        "check_date:shelter": "2026-09-23",
        "highway": "bus_stop",
        "lit": "yes",
        "name:signed": "no",
        "public_transport": "platform",
        "shelter": "yes"
      },
      "geometry": {
        "type": "Point",
        "coordinates": [
          -45.9016264,
          -23.2023794
        ]
      },
      "id": "node/6559021848"
    },
    {
      "type": "Feature",
      "properties": {
        "@id": "node/6559021849",
        "bench": "yes",
        "bus": "yes",
        "check_date:shelter": "2024-09-08",
        "highway": "bus_stop",
        "noname": "yes",
        "public_transport": "platform",
        "shelter": "yes"
      },
      "geometry": {
        "type": "Point",
        "coordinates": [
          -45.8985602,
          -23.2034323
        ]
      },
      "id": "node/6559021849"
    },
    {
      "type": "Feature",
      "properties": {
        "@id": "node/6565247059",
        "bus": "yes",
        "highway": "bus_stop",
        "public_transport": "platform"
      },
      "geometry": {
        "type": "Point",
        "coordinates": [
          -45.8889665,
          -23.2169234
        ]
      },
      "id": "node/6565247059"
    },
    {
      "type": "Feature",
      "properties": {
        "@id": "node/6565247060",
        "bench": "yes",
        "bus": "yes",
        "highway": "bus_stop",
        "public_transport": "platform",
        "shelter": "yes"
      },
      "geometry": {
        "type": "Point",
        "coordinates": [
          -45.892335,
          -23.2189635
        ]
      },
      "id": "node/6565247060"
    },
    {
      "type": "Feature",
      "properties": {
        "@id": "node/6573672783",
        "bench": "yes",
        "bin": "yes",
        "bus": "yes",
        "highway": "bus_stop",
        "public_transport": "platform",
        "shelter": "yes"
      },
      "geometry": {
        "type": "Point",
        "coordinates": [
          -45.8955552,
          -23.2162694
        ]
      },
      "id": "node/6573672783"
    },
    {
      "type": "Feature",
      "properties": {
        "@id": "node/6606065369",
        "bench": "no",
        "bin": "no",
        "bus": "yes",
        "check_date:shelter": "2024-03-05",
        "highway": "bus_stop",
        "lit": "no",
        "noname": "yes",
        "public_transport": "platform",
        "shelter": "no"
      },
      "geometry": {
        "type": "Point",
        "coordinates": [
          -45.896451,
          -23.202481
        ]
      },
      "id": "node/6606065369"
    },
    {
      "type": "Feature",
      "properties": {
        "@id": "node/6696018158",
        "bus": "yes",
        "highway": "bus_stop",
        "public_transport": "platform"
      },
      "geometry": {
        "type": "Point",
        "coordinates": [
          -45.9065875,
          -23.225144
        ]
      },
      "id": "node/6696018158"
    },
    {
      "type": "Feature",
      "properties": {
        "@id": "node/6698145690",
        "bus": "yes",
        "highway": "bus_stop",
        "public_transport": "platform"
      },
      "geometry": {
        "type": "Point",
        "coordinates": [
          -45.8641234,
          -23.1994843
        ]
      },
      "id": "node/6698145690"
    },
    {
      "type": "Feature",
      "properties": {
        "@id": "node/6698145691",
        "bus": "yes",
        "highway": "bus_stop",
        "public_transport": "platform"
      },
      "geometry": {
        "type": "Point",
        "coordinates": [
          -45.8604289,
          -23.2054256
        ]
      },
      "id": "node/6698145691"
    },
    {
      "type": "Feature",
      "properties": {
        "@id": "node/6754167618",
        "bench": "yes",
        "bus": "yes",
        "highway": "bus_stop",
        "public_transport": "platform",
        "shelter": "yes"
      },
      "geometry": {
        "type": "Point",
        "coordinates": [
          -45.8539644,
          -23.216246
        ]
      },
      "id": "node/6754167618"
    },
    {
      "type": "Feature",
      "properties": {
        "@id": "node/6754167619",
        "bench": "yes",
        "bus": "yes",
        "highway": "bus_stop",
        "public_transport": "platform",
        "shelter": "yes"
      },
      "geometry": {
        "type": "Point",
        "coordinates": [
          -45.8539805,
          -23.2161289
        ]
      },
      "id": "node/6754167619"
    },
    {
      "type": "Feature",
      "properties": {
        "@id": "node/6818142284",
        "bench": "yes",
        "bin": "no",
        "bus": "yes",
        "highway": "bus_stop",
        "lit": "yes",
        "name": "S-165",
        "network": "315;316",
        "operator": "Expresso Maringá",
        "public_transport": "platform",
        "shelter": "yes"
      },
      "geometry": {
        "type": "Point",
        "coordinates": [
          -45.8668924,
          -23.2703006
        ]
      },
      "id": "node/6818142284"
    },
    {
      "type": "Feature",
      "properties": {
        "@id": "node/6818157792",
        "bench": "yes",
        "bus": "yes",
        "highway": "bus_stop",
        "lit": "no",
        "name": "S-164",
        "network": "315;316",
        "operator": "Expresso Maringá",
        "public_transport": "platform",
        "shelter": "yes"
      },
      "geometry": {
        "type": "Point",
        "coordinates": [
          -45.867028,
          -23.2691134
        ]
      },
      "id": "node/6818157792"
    },
    {
      "type": "Feature",
      "properties": {
        "@id": "node/6818157793",
        "bench": "yes",
        "bus": "yes",
        "highway": "bus_stop",
        "lit": "no",
        "name": "S-163",
        "network": "315;316",
        "operator": "Expresso Maringá",
        "public_transport": "platform",
        "shelter": "yes"
      },
      "geometry": {
        "type": "Point",
        "coordinates": [
          -45.8682397,
          -23.2672533
        ]
      },
      "id": "node/6818157793"
    },
    {
      "type": "Feature",
      "properties": {
        "@id": "node/6818157794",
        "bench": "yes",
        "bus": "yes",
        "highway": "bus_stop",
        "lit": "no",
        "name": "S-162",
        "network": "315;316",
        "operator": "Expresso Maringá",
        "public_transport": "platform",
        "shelter": "yes"
      },
      "geometry": {
        "type": "Point",
        "coordinates": [
          -45.8665585,
          -23.2650381
        ]
      },
      "id": "node/6818157794"
    },
    {
      "type": "Feature",
      "properties": {
        "@id": "node/6818157796",
        "bench": "yes",
        "bus": "yes",
        "highway": "bus_stop",
        "lit": "no",
        "name": "S-161",
        "network": "315;316",
        "operator": "Expresso Maringá",
        "public_transport": "platform",
        "shelter": "yes"
      },
      "geometry": {
        "type": "Point",
        "coordinates": [
          -45.8642123,
          -23.265629
        ]
      },
      "id": "node/6818157796"
    },
    {
      "type": "Feature",
      "properties": {
        "@id": "node/6818157797",
        "bench": "yes",
        "bus": "yes",
        "highway": "bus_stop",
        "lit": "no",
        "name": "S-160",
        "network": "315;316",
        "operator": "Expresso Maringá",
        "public_transport": "platform",
        "shelter": "yes"
      },
      "geometry": {
        "type": "Point",
        "coordinates": [
          -45.8634658,
          -23.2682694
        ]
      },
      "id": "node/6818157797"
    },
    {
      "type": "Feature",
      "properties": {
        "@id": "node/6818157798",
        "bench": "yes",
        "bus": "yes",
        "highway": "bus_stop",
        "lit": "no",
        "name": "S-159",
        "network": "315;316",
        "operator": "Expresso Maringá",
        "public_transport": "platform"
      },
      "geometry": {
        "type": "Point",
        "coordinates": [
          -45.8620655,
          -23.2694865
        ]
      },
      "id": "node/6818157798"
    },
    {
      "type": "Feature",
      "properties": {
        "@id": "node/6818157799",
        "bench": "yes",
        "bus": "yes",
        "highway": "bus_stop",
        "lit": "no",
        "name": "S-158",
        "network": "315;316",
        "operator": "Expresso Maringá",
        "public_transport": "platform"
      },
      "geometry": {
        "type": "Point",
        "coordinates": [
          -45.8626136,
          -23.2714876
        ]
      },
      "id": "node/6818157799"
    },
    {
      "type": "Feature",
      "properties": {
        "@id": "node/6818157800",
        "bench": "yes",
        "bus": "yes",
        "highway": "bus_stop",
        "lit": "yes",
        "name": "S-157",
        "network": "315;316",
        "operator": "Expresso Maringá",
        "public_transport": "platform",
        "shelter": "yes"
      },
      "geometry": {
        "type": "Point",
        "coordinates": [
          -45.8621652,
          -23.2745094
        ]
      },
      "id": "node/6818157800"
    },
    {
      "type": "Feature",
      "properties": {
        "@id": "node/6818157801",
        "bench": "yes",
        "bus": "yes",
        "highway": "bus_stop",
        "lit": "no",
        "name": "S-156",
        "network": "315;316",
        "operator": "Expresso Maringá",
        "public_transport": "platform",
        "shelter": "yes"
      },
      "geometry": {
        "type": "Point",
        "coordinates": [
          -45.8615735,
          -23.2768449
        ]
      },
      "id": "node/6818157801"
    },
    {
      "type": "Feature",
      "properties": {
        "@id": "node/6818157802",
        "bench": "yes",
        "bus": "yes",
        "highway": "bus_stop",
        "lit": "no",
        "name": "S-155",
        "network": "315;316",
        "operator": "Expresso Maringá",
        "public_transport": "platform",
        "shelter": "yes"
      },
      "geometry": {
        "type": "Point",
        "coordinates": [
          -45.8633104,
          -23.2766385
        ]
      },
      "id": "node/6818157802"
    },
    {
      "type": "Feature",
      "properties": {
        "@id": "node/6818157804",
        "bench": "yes",
        "bus": "yes",
        "highway": "bus_stop",
        "lit": "no",
        "name": "S-154",
        "network": "315;316",
        "operator": "Expresso Maringá",
        "public_transport": "platform",
        "shelter": "yes"
      },
      "geometry": {
        "type": "Point",
        "coordinates": [
          -45.8644006,
          -23.2750535
        ]
      },
      "id": "node/6818157804"
    },
    {
      "type": "Feature",
      "properties": {
        "@id": "node/6818157806",
        "bench": "yes",
        "bus": "yes",
        "highway": "bus_stop",
        "lit": "yes",
        "name": "S-152",
        "network": "315;316",
        "operator": "Expresso Maringá",
        "public_transport": "platform",
        "shelter": "yes"
      },
      "geometry": {
        "type": "Point",
        "coordinates": [
          -45.8662228,
          -23.2734579
        ]
      },
      "id": "node/6818157806"
    },
    {
      "type": "Feature",
      "properties": {
        "@id": "node/6818157807",
        "bench": "yes",
        "bus": "yes",
        "highway": "bus_stop",
        "lit": "yes",
        "name": "S-151",
        "network": "315;316",
        "operator": "Expresso Maringá",
        "public_transport": "platform",
        "shelter": "yes"
      },
      "geometry": {
        "type": "Point",
        "coordinates": [
          -45.8666616,
          -23.2734929
        ]
      },
      "id": "node/6818157807"
    },
    {
      "type": "Feature",
      "properties": {
        "@id": "node/6818157812",
        "bench": "yes",
        "bus": "yes",
        "highway": "bus_stop",
        "lit": "yes",
        "name": "S-153",
        "network": "315;316",
        "operator": "Expresso Maringá",
        "public_transport": "platform",
        "shelter": "yes"
      },
      "geometry": {
        "type": "Point",
        "coordinates": [
          -45.8652169,
          -23.2727141
        ]
      },
      "id": "node/6818157812"
    },
    {
      "type": "Feature",
      "properties": {
        "@id": "node/6818157813",
        "bench": "yes",
        "bus": "yes",
        "highway": "bus_stop",
        "lit": "no",
        "name": "S-167",
        "network": "315;316",
        "operator": "Expresso Maringá",
        "public_transport": "platform",
        "shelter": "yes"
      },
      "geometry": {
        "type": "Point",
        "coordinates": [
          -45.8643694,
          -23.2718878
        ]
      },
      "id": "node/6818157813"
    },
    {
      "type": "Feature",
      "properties": {
        "@id": "node/6818157814",
        "bench": "yes",
        "bus": "yes",
        "highway": "bus_stop",
        "lit": "no",
        "name": "S-166",
        "network": "315;316",
        "operator": "Expresso Maringá",
        "public_transport": "platform"
      },
      "geometry": {
        "type": "Point",
        "coordinates": [
          -45.8653619,
          -23.2712791
        ]
      },
      "id": "node/6818157814"
    },
    {
      "type": "Feature",
      "properties": {
        "@id": "node/6818157815",
        "bench": "yes",
        "bus": "yes",
        "highway": "bus_stop",
        "lit": "no",
        "name": "S-150",
        "network": "315;316",
        "operator": "Epresso Maringá",
        "public_transport": "platform",
        "shelter": "yes"
      },
      "geometry": {
        "type": "Point",
        "coordinates": [
          -45.8684638,
          -23.2740066
        ]
      },
      "id": "node/6818157815"
    },
    {
      "type": "Feature",
      "properties": {
        "@id": "node/6818157816",
        "bench": "yes",
        "bus": "yes",
        "highway": "bus_stop",
        "name": "S-850",
        "network": "315;316",
        "operator": "Expresso Maringá",
        "public_transport": "platform",
        "shelter": "yes"
      },
      "geometry": {
        "type": "Point",
        "coordinates": [
          -45.8682998,
          -23.2741303
        ]
      },
      "id": "node/6818157816"
    },
    {
      "type": "Feature",
      "properties": {
        "@id": "node/6818157825",
        "bench": "no",
        "bin": "no",
        "bus": "yes",
        "highway": "bus_stop",
        "lit": "no",
        "name": "S-159",
        "network": "315.316",
        "operator": "Expresso Maringá",
        "public_transport": "platform",
        "shelter": "no",
        "wheelchair": "no"
      },
      "geometry": {
        "type": "Point",
        "coordinates": [
          -45.8711975,
          -23.2745622
        ]
      },
      "id": "node/6818157825"
    },
    {
      "type": "Feature",
      "properties": {
        "@id": "node/6818157826",
        "bench": "no",
        "bus": "yes",
        "highway": "bus_stop",
        "lit": "no",
        "name": "S-158",
        "network": "315;316",
        "operator": "Expresso Maringá",
        "public_transport": "platform",
        "shelter": "no"
      },
      "geometry": {
        "type": "Point",
        "coordinates": [
          -45.8712712,
          -23.2744756
        ]
      },
      "id": "node/6818157826"
    },
    {
      "type": "Feature",
      "properties": {
        "@id": "node/6818157827",
        "bench": "yes",
        "bus": "yes",
        "highway": "bus_stop",
        "lit": "no",
        "name": "S-147",
        "network": "315;316",
        "operator": "Expresso Maringá",
        "public_transport": "platform",
        "shelter": "yes"
      },
      "geometry": {
        "type": "Point",
        "coordinates": [
          -45.872715,
          -23.274762
        ]
      },
      "id": "node/6818157827"
    },
    {
      "type": "Feature",
      "properties": {
        "@id": "node/6818157828",
        "bench": "no",
        "bin": "no",
        "bus": "yes",
        "highway": "bus_stop",
        "lit": "no",
        "name": "S-135",
        "network": "315;316",
        "operator": "Expresso Maringá",
        "public_transport": "platform",
        "shelter": "no"
      },
      "geometry": {
        "type": "Point",
        "coordinates": [
          -45.8728521,
          -23.2749791
        ]
      },
      "id": "node/6818157828"
    },
    {
      "type": "Feature",
      "properties": {
        "@id": "node/6848981368",
        "bench": "yes",
        "bin": "yes",
        "bus": "yes",
        "check_date:shelter": "2026-09-02",
        "highway": "bus_stop",
        "lit": "yes",
        "noname": "yes",
        "public_transport": "platform",
        "shelter": "yes"
      },
      "geometry": {
        "type": "Point",
        "coordinates": [
          -45.8958529,
          -23.2036974
        ]
      },
      "id": "node/6848981368"
    },
    {
      "type": "Feature",
      "properties": {
        "@id": "node/6848988073",
        "bench": "yes",
        "bin": "yes",
        "bus": "yes",
        "check_date:shelter": "2025-09-09",
        "highway": "bus_stop",
        "lit": "yes",
        "noname": "yes",
        "public_transport": "platform",
        "shelter": "yes",
        "tactile_paving": "no"
      },
      "geometry": {
        "type": "Point",
        "coordinates": [
          -45.8925684,
          -23.1984727
        ]
      },
      "id": "node/6848988073"
    },
    {
      "type": "Feature",
      "properties": {
        "@id": "node/6848988436",
        "bench": "no",
        "bin": "no",
        "bus": "yes",
        "check_date:shelter": "2024-03-05",
        "highway": "bus_stop",
        "lit": "yes",
        "noname": "yes",
        "public_transport": "platform",
        "shelter": "no"
      },
      "geometry": {
        "type": "Point",
        "coordinates": [
          -45.8956101,
          -23.2004064
        ]
      },
      "id": "node/6848988436"
    },
    {
      "type": "Feature",
      "properties": {
        "@id": "node/6848988437",
        "bench": "no",
        "bin": "no",
        "bus": "yes",
        "check_date:shelter": "2025-09-09",
        "highway": "bus_stop",
        "lit": "yes",
        "noname": "yes",
        "public_transport": "platform",
        "shelter": "no"
      },
      "geometry": {
        "type": "Point",
        "coordinates": [
          -45.8942117,
          -23.1979061
        ]
      },
      "id": "node/6848988437"
    },
    {
      "type": "Feature",
      "properties": {
        "@id": "node/6849002622",
        "bench": "yes",
        "bin": "yes",
        "bus": "yes",
        "highway": "bus_stop",
        "lit": "yes",
        "noname": "yes",
        "public_transport": "platform",
        "shelter": "yes"
      },
      "geometry": {
        "type": "Point",
        "coordinates": [
          -45.8933428,
          -23.2027108
        ]
      },
      "id": "node/6849002622"
    },
    {
      "type": "Feature",
      "properties": {
        "@id": "node/6849101395",
        "bench": "yes",
        "bus": "yes",
        "highway": "bus_stop",
        "public_transport": "platform",
        "shelter": "yes"
      },
      "geometry": {
        "type": "Point",
        "coordinates": [
          -45.9123205,
          -23.1981952
        ]
      },
      "id": "node/6849101395"
    },
    {
      "type": "Feature",
      "properties": {
        "@id": "node/6852300988",
        "bus": "yes",
        "highway": "bus_stop",
        "public_transport": "platform"
      },
      "geometry": {
        "type": "Point",
        "coordinates": [
          -45.8393584,
          -23.1810603
        ]
      },
      "id": "node/6852300988"
    },
    {
      "type": "Feature",
      "properties": {
        "@id": "node/6852300996",
        "bus": "yes",
        "highway": "bus_stop",
        "public_transport": "platform"
      },
      "geometry": {
        "type": "Point",
        "coordinates": [
          -45.8391357,
          -23.1805545
        ]
      },
      "id": "node/6852300996"
    },
    {
      "type": "Feature",
      "properties": {
        "@id": "node/6852300997",
        "bus": "yes",
        "highway": "bus_stop",
        "public_transport": "platform"
      },
      "geometry": {
        "type": "Point",
        "coordinates": [
          -45.8409621,
          -23.1805862
        ]
      },
      "id": "node/6852300997"
    },
    {
      "type": "Feature",
      "properties": {
        "@id": "node/6852482145",
        "bus": "yes",
        "highway": "bus_stop",
        "public_transport": "platform"
      },
      "geometry": {
        "type": "Point",
        "coordinates": [
          -45.8164928,
          -23.1736541
        ]
      },
      "id": "node/6852482145"
    },
    {
      "type": "Feature",
      "properties": {
        "@id": "node/6852482146",
        "bus": "yes",
        "highway": "bus_stop",
        "public_transport": "platform",
        "shelter": "yes"
      },
      "geometry": {
        "type": "Point",
        "coordinates": [
          -45.8180012,
          -23.1741263
        ]
      },
      "id": "node/6852482146"
    },
    {
      "type": "Feature",
      "properties": {
        "@id": "node/6852492225",
        "bench": "yes",
        "bin": "no",
        "bus": "yes",
        "check_date:shelter": "2024-10-15",
        "highway": "bus_stop",
        "public_transport": "platform",
        "shelter": "yes"
      },
      "geometry": {
        "type": "Point",
        "coordinates": [
          -45.8698722,
          -23.1805643
        ]
      },
      "id": "node/6852492225"
    },
    {
      "type": "Feature",
      "properties": {
        "@id": "node/6859138941",
        "bench": "no",
        "bin": "no",
        "bus": "yes",
        "check_date:shelter": "2025-07-17",
        "highway": "bus_stop",
        "public_transport": "platform",
        "shelter": "no",
        "wheelchair": "yes"
      },
      "geometry": {
        "type": "Point",
        "coordinates": [
          -45.9067154,
          -23.2195058
        ]
      },
      "id": "node/6859138941"
    },
    {
      "type": "Feature",
      "properties": {
        "@id": "node/6859174434",
        "bench": "yes",
        "bus": "yes",
        "highway": "bus_stop",
        "public_transport": "platform",
        "shelter": "yes"
      },
      "geometry": {
        "type": "Point",
        "coordinates": [
          -45.9019989,
          -23.2096788
        ]
      },
      "id": "node/6859174434"
    },
    {
      "type": "Feature",
      "properties": {
        "@id": "node/6859208442",
        "bench": "yes",
        "bus": "yes",
        "highway": "bus_stop",
        "public_transport": "platform",
        "shelter": "yes"
      },
      "geometry": {
        "type": "Point",
        "coordinates": [
          -45.8999971,
          -23.2204051
        ]
      },
      "id": "node/6859208442"
    },
    {
      "type": "Feature",
      "properties": {
        "@id": "node/6860939751",
        "bus": "yes",
        "highway": "bus_stop",
        "public_transport": "platform"
      },
      "geometry": {
        "type": "Point",
        "coordinates": [
          -45.7875957,
          -23.1392403
        ]
      },
      "id": "node/6860939751"
    },
    {
      "type": "Feature",
      "properties": {
        "@id": "node/6861017913",
        "bus": "yes",
        "highway": "bus_stop",
        "public_transport": "platform"
      },
      "geometry": {
        "type": "Point",
        "coordinates": [
          -45.8282559,
          -23.1765629
        ]
      },
      "id": "node/6861017913"
    },
    {
      "type": "Feature",
      "properties": {
        "@id": "node/6861019574",
        "bench": "yes",
        "bin": "yes",
        "bus": "yes",
        "highway": "bus_stop",
        "lit": "yes",
        "public_transport": "platform",
        "shelter": "yes",
        "wheelchair": "yes"
      },
      "geometry": {
        "type": "Point",
        "coordinates": [
          -45.9068659,
          -23.2192525
        ]
      },
      "id": "node/6861019574"
    },
    {
      "type": "Feature",
      "properties": {
        "@id": "node/6864116938",
        "bench": "yes",
        "bus": "yes",
        "departures_board": "yes",
        "highway": "bus_stop",
        "public_transport": "platform",
        "shelter": "yes"
      },
      "geometry": {
        "type": "Point",
        "coordinates": [
          -45.9189413,
          -23.1958221
        ]
      },
      "id": "node/6864116938"
    },
    {
      "type": "Feature",
      "properties": {
        "@id": "node/6864116943",
        "bench": "no",
        "bin": "no",
        "bus": "yes",
        "check_date:shelter": "2025-06-19",
        "highway": "bus_stop",
        "lit": "yes",
        "name": "Ponto n° O-192",
        "public_transport": "platform",
        "shelter": "no"
      },
      "geometry": {
        "type": "Point",
        "coordinates": [
          -45.9270948,
          -23.1937415
        ]
      },
      "id": "node/6864116943"
    },
    {
      "type": "Feature",
      "properties": {
        "@id": "node/6864116944",
        "bench": "no",
        "bin": "no",
        "bus": "yes",
        "highway": "bus_stop",
        "public_transport": "platform",
        "shelter": "yes"
      },
      "geometry": {
        "type": "Point",
        "coordinates": [
          -45.9283853,
          -23.1948493
        ]
      },
      "id": "node/6864116944"
    },
    {
      "type": "Feature",
      "properties": {
        "@id": "node/6866817427",
        "bus": "yes",
        "highway": "bus_stop",
        "public_transport": "platform",
        "shelter": "yes"
      },
      "geometry": {
        "type": "Point",
        "coordinates": [
          -45.8395378,
          -23.1715618
        ]
      },
      "id": "node/6866817427"
    },
    {
      "type": "Feature",
      "properties": {
        "@id": "node/6866817428",
        "bus": "yes",
        "highway": "bus_stop",
        "public_transport": "platform",
        "shelter": "yes"
      },
      "geometry": {
        "type": "Point",
        "coordinates": [
          -45.8376921,
          -23.1711877
        ]
      },
      "id": "node/6866817428"
    },
    {
      "type": "Feature",
      "properties": {
        "@id": "node/6866817429",
        "bus": "yes",
        "highway": "bus_stop",
        "public_transport": "platform",
        "shelter": "yes"
      },
      "geometry": {
        "type": "Point",
        "coordinates": [
          -45.8144242,
          -23.1733512
        ]
      },
      "id": "node/6866817429"
    },
    {
      "type": "Feature",
      "properties": {
        "@id": "node/6866817430",
        "bus": "yes",
        "highway": "bus_stop",
        "public_transport": "platform",
        "shelter": "yes"
      },
      "geometry": {
        "type": "Point",
        "coordinates": [
          -45.8182539,
          -23.174344
        ]
      },
      "id": "node/6866817430"
    },
    {
      "type": "Feature",
      "properties": {
        "@id": "node/6866817435",
        "bus": "yes",
        "highway": "bus_stop",
        "public_transport": "platform",
        "shelter": "yes"
      },
      "geometry": {
        "type": "Point",
        "coordinates": [
          -45.8203129,
          -23.1746865
        ]
      },
      "id": "node/6866817435"
    },
    {
      "type": "Feature",
      "properties": {
        "@id": "node/6866817436",
        "bus": "yes",
        "highway": "bus_stop",
        "public_transport": "platform"
      },
      "geometry": {
        "type": "Point",
        "coordinates": [
          -45.8206323,
          -23.174957
        ]
      },
      "id": "node/6866817436"
    },
    {
      "type": "Feature",
      "properties": {
        "@id": "node/6866817437",
        "bus": "yes",
        "highway": "bus_stop",
        "public_transport": "platform",
        "shelter": "yes"
      },
      "geometry": {
        "type": "Point",
        "coordinates": [
          -45.8270454,
          -23.1765566
        ]
      },
      "id": "node/6866817437"
    },
    {
      "type": "Feature",
      "properties": {
        "@id": "node/6866817438",
        "bus": "yes",
        "highway": "bus_stop",
        "public_transport": "platform",
        "shelter": "yes"
      },
      "geometry": {
        "type": "Point",
        "coordinates": [
          -45.8338926,
          -23.1783928
        ]
      },
      "id": "node/6866817438"
    },
    {
      "type": "Feature",
      "properties": {
        "@id": "node/6866817439",
        "bus": "yes",
        "highway": "bus_stop",
        "public_transport": "platform",
        "shelter": "yes"
      },
      "geometry": {
        "type": "Point",
        "coordinates": [
          -45.8438232,
          -23.1797785
        ]
      },
      "id": "node/6866817439"
    },
    {
      "type": "Feature",
      "properties": {
        "@id": "node/6866817440",
        "bus": "yes",
        "highway": "bus_stop",
        "public_transport": "platform"
      },
      "geometry": {
        "type": "Point",
        "coordinates": [
          -45.843926,
          -23.1799872
        ]
      },
      "id": "node/6866817440"
    },
    {
      "type": "Feature",
      "properties": {
        "@id": "node/6866817445",
        "bus": "yes",
        "highway": "bus_stop",
        "public_transport": "platform",
        "shelter": "yes"
      },
      "geometry": {
        "type": "Point",
        "coordinates": [
          -45.8505222,
          -23.1801488
        ]
      },
      "id": "node/6866817445"
    },
    {
      "type": "Feature",
      "properties": {
        "@id": "node/6866817446",
        "bus": "yes",
        "highway": "bus_stop",
        "public_transport": "platform",
        "shelter": "yes"
      },
      "geometry": {
        "type": "Point",
        "coordinates": [
          -45.8506828,
          -23.1803001
        ]
      },
      "id": "node/6866817446"
    },
    {
      "type": "Feature",
      "properties": {
        "@id": "node/6868206041",
        "bus": "yes",
        "highway": "bus_stop",
        "public_transport": "platform"
      },
      "geometry": {
        "type": "Point",
        "coordinates": [
          -45.9434382,
          -22.9089905
        ]
      },
      "id": "node/6868206041"
    },
    {
      "type": "Feature",
      "properties": {
        "@id": "node/6868206042",
        "bus": "yes",
        "highway": "bus_stop",
        "public_transport": "platform"
      },
      "geometry": {
        "type": "Point",
        "coordinates": [
          -45.9436112,
          -22.9093734
        ]
      },
      "id": "node/6868206042"
    },
    {
      "type": "Feature",
      "properties": {
        "@id": "node/6868206043",
        "bus": "yes",
        "highway": "bus_stop",
        "public_transport": "platform",
        "shelter": "no"
      },
      "geometry": {
        "type": "Point",
        "coordinates": [
          -45.9471377,
          -22.9098531
        ]
      },
      "id": "node/6868206043"
    },
    {
      "type": "Feature",
      "properties": {
        "@id": "node/6869765311",
        "bus": "yes",
        "highway": "bus_stop",
        "public_transport": "platform",
        "shelter": "yes"
      },
      "geometry": {
        "type": "Point",
        "coordinates": [
          -45.7960692,
          -23.1473482
        ]
      },
      "id": "node/6869765311"
    },
    {
      "type": "Feature",
      "properties": {
        "@id": "node/6871464546",
        "bus": "yes",
        "highway": "bus_stop",
        "public_transport": "platform",
        "shelter": "yes"
      },
      "geometry": {
        "type": "Point",
        "coordinates": [
          -45.7962913,
          -23.1472917
        ]
      },
      "id": "node/6871464546"
    },
    {
      "type": "Feature",
      "properties": {
        "@id": "node/6876429787",
        "bench": "yes",
        "bus": "yes",
        "highway": "bus_stop",
        "public_transport": "platform",
        "shelter": "yes"
      },
      "geometry": {
        "type": "Point",
        "coordinates": [
          -45.8997748,
          -23.2095301
        ]
      },
      "id": "node/6876429787"
    },
    {
      "type": "Feature",
      "properties": {
        "@id": "node/6883745635",
        "bench": "yes",
        "bus": "yes",
        "highway": "bus_stop",
        "public_transport": "platform",
        "shelter": "yes"
      },
      "geometry": {
        "type": "Point",
        "coordinates": [
          -45.8962554,
          -23.2108273
        ]
      },
      "id": "node/6883745635"
    },
    {
      "type": "Feature",
      "properties": {
        "@id": "node/6883775836",
        "bench": "yes",
        "bus": "yes",
        "highway": "bus_stop",
        "public_transport": "platform",
        "shelter": "yes"
      },
      "geometry": {
        "type": "Point",
        "coordinates": [
          -45.8844463,
          -23.2326931
        ]
      },
      "id": "node/6883775836"
    },
    {
      "type": "Feature",
      "properties": {
        "@id": "node/6883775837",
        "bench": "yes",
        "bus": "yes",
        "highway": "bus_stop",
        "public_transport": "platform",
        "shelter": "yes"
      },
      "geometry": {
        "type": "Point",
        "coordinates": [
          -45.8845563,
          -23.2344785
        ]
      },
      "id": "node/6883775837"
    },
    {
      "type": "Feature",
      "properties": {
        "@id": "node/6883795695",
        "bus": "yes",
        "highway": "bus_stop",
        "public_transport": "platform",
        "shelter": "yes"
      },
      "geometry": {
        "type": "Point",
        "coordinates": [
          -45.8891457,
          -23.2139606
        ]
      },
      "id": "node/6883795695"
    },
    {
      "type": "Feature",
      "properties": {
        "@id": "node/6883795696",
        "bench": "yes",
        "bus": "yes",
        "check_date:shelter": "2025-09-09",
        "highway": "bus_stop",
        "name:signed": "no",
        "public_transport": "platform",
        "shelter": "yes"
      },
      "geometry": {
        "type": "Point",
        "coordinates": [
          -45.8900673,
          -23.1937794
        ]
      },
      "id": "node/6883795696"
    },
    {
      "type": "Feature",
      "properties": {
        "@id": "node/6883795697",
        "bench": "yes",
        "bus": "yes",
        "highway": "bus_stop",
        "public_transport": "platform",
        "shelter": "yes"
      },
      "geometry": {
        "type": "Point",
        "coordinates": [
          -45.8874734,
          -23.1910394
        ]
      },
      "id": "node/6883795697"
    },
    {
      "type": "Feature",
      "properties": {
        "@id": "node/6883795698",
        "bench": "yes",
        "bus": "yes",
        "highway": "bus_stop",
        "public_transport": "platform",
        "shelter": "yes"
      },
      "geometry": {
        "type": "Point",
        "coordinates": [
          -45.8879273,
          -23.1905354
        ]
      },
      "id": "node/6883795698"
    },
    {
      "type": "Feature",
      "properties": {
        "@id": "node/6913835763",
        "bus": "yes",
        "highway": "bus_stop",
        "public_transport": "platform",
        "shelter": "yes"
      },
      "geometry": {
        "type": "Point",
        "coordinates": [
          -45.8243035,
          -23.1758298
        ]
      },
      "id": "node/6913835763"
    },
    {
      "type": "Feature",
      "properties": {
        "@id": "node/6913835764",
        "bus": "yes",
        "highway": "bus_stop",
        "public_transport": "platform",
        "shelter": "yes"
      },
      "geometry": {
        "type": "Point",
        "coordinates": [
          -45.8239539,
          -23.1756114
        ]
      },
      "id": "node/6913835764"
    },
    {
      "type": "Feature",
      "properties": {
        "@id": "node/7044545099",
        "bench": "yes",
        "bus": "yes",
        "highway": "bus_stop",
        "name": "121",
        "name:en": "121 - Urbanova",
        "name:pt": "121 - Urbanova",
        "operator": "Maringá do vale",
        "public_transport": "platform",
        "ref": "2"
      },
      "geometry": {
        "type": "Point",
        "coordinates": [
          -45.8880004,
          -23.1798835
        ]
      },
      "id": "node/7044545099"
    },
    {
      "type": "Feature",
      "properties": {
        "@id": "node/7047003987",
        "bench": "yes",
        "bus": "yes",
        "highway": "bus_stop",
        "name": "128 - Urbanova",
        "operator": "Maringá do vale",
        "public_transport": "platform",
        "ref": "4"
      },
      "geometry": {
        "type": "Point",
        "coordinates": [
          -45.8880279,
          -23.1798306
        ]
      },
      "id": "node/7047003987"
    },
    {
      "type": "Feature",
      "properties": {
        "@id": "node/7047003989",
        "bench": "yes",
        "bus": "yes",
        "highway": "bus_stop",
        "name": "124 - Corredor Sul",
        "name:en": "124 - Corredor Sul 2",
        "name:pt": "124 - Corredor Sul 2",
        "operator": "Maringá do vale",
        "public_transport": "platform",
        "ref": "6"
      },
      "geometry": {
        "type": "Point",
        "coordinates": [
          -45.8880529,
          -23.1797821
        ]
      },
      "id": "node/7047003989"
    },
    {
      "type": "Feature",
      "properties": {
        "@id": "node/7047003993",
        "bench": "yes",
        "bus": "yes",
        "highway": "bus_stop",
        "operator": "Maringá do vale",
        "public_transport": "platform",
        "ref": "8"
      },
      "geometry": {
        "type": "Point",
        "coordinates": [
          -45.8880811,
          -23.1797294
        ]
      },
      "id": "node/7047003993"
    },
    {
      "type": "Feature",
      "properties": {
        "@id": "node/7047003996",
        "bench": "yes",
        "bus": "yes",
        "highway": "bus_stop",
        "operator": "Maringá do vale",
        "public_transport": "platform",
        "ref": "10"
      },
      "geometry": {
        "type": "Point",
        "coordinates": [
          -45.8881069,
          -23.179681
        ]
      },
      "id": "node/7047003996"
    },
    {
      "type": "Feature",
      "properties": {
        "@id": "node/7047003999",
        "bench": "yes",
        "bus": "yes",
        "highway": "bus_stop",
        "operator": "Maringá do vale",
        "public_transport": "platform",
        "ref": "12"
      },
      "geometry": {
        "type": "Point",
        "coordinates": [
          -45.8881311,
          -23.1796413
        ]
      },
      "id": "node/7047003999"
    },
    {
      "type": "Feature",
      "properties": {
        "@id": "node/7047004002",
        "bench": "yes",
        "bus": "yes",
        "highway": "bus_stop",
        "operator": "Maringá do vale",
        "public_transport": "platform",
        "ref": "14"
      },
      "geometry": {
        "type": "Point",
        "coordinates": [
          -45.8881531,
          -23.1795999
        ]
      },
      "id": "node/7047004002"
    },
    {
      "type": "Feature",
      "properties": {
        "@id": "node/7047004005",
        "bench": "yes",
        "bus": "yes",
        "highway": "bus_stop",
        "operator": "Maringá do vale",
        "public_transport": "platform",
        "ref": "16"
      },
      "geometry": {
        "type": "Point",
        "coordinates": [
          -45.888175,
          -23.1795522
        ]
      },
      "id": "node/7047004005"
    },
    {
      "type": "Feature",
      "properties": {
        "@id": "node/7047004017",
        "bench": "yes",
        "bus": "yes",
        "highway": "bus_stop",
        "operator": "Maringá do vale",
        "public_transport": "platform",
        "ref": "1"
      },
      "geometry": {
        "type": "Point",
        "coordinates": [
          -45.888213,
          -23.1800124
        ]
      },
      "id": "node/7047004017"
    },
    {
      "type": "Feature",
      "properties": {
        "@id": "node/7047004033",
        "bench": "yes",
        "bus": "yes",
        "highway": "bus_stop",
        "operator": "Maringá do vale",
        "public_transport": "platform",
        "ref": "3"
      },
      "geometry": {
        "type": "Point",
        "coordinates": [
          -45.8882576,
          -23.1799549
        ]
      },
      "id": "node/7047004033"
    },
    {
      "type": "Feature",
      "properties": {
        "@id": "node/7047004038",
        "bench": "yes",
        "bus": "yes",
        "highway": "bus_stop",
        "operator": "Maringá do vale",
        "public_transport": "platform",
        "ref": "5"
      },
      "geometry": {
        "type": "Point",
        "coordinates": [
          -45.8882746,
          -23.1799046
        ]
      },
      "id": "node/7047004038"
    },
    {
      "type": "Feature",
      "properties": {
        "@id": "node/7047004043",
        "bench": "yes",
        "bus": "yes",
        "highway": "bus_stop",
        "operator": "Maringá do vale",
        "public_transport": "platform",
        "ref": "7"
      },
      "geometry": {
        "type": "Point",
        "coordinates": [
          -45.8882972,
          -23.1798408
        ]
      },
      "id": "node/7047004043"
    },
    {
      "type": "Feature",
      "properties": {
        "@id": "node/7047004048",
        "bench": "yes",
        "bus": "yes",
        "highway": "bus_stop",
        "operator": "Maringá do vale",
        "public_transport": "platform",
        "ref": "9"
      },
      "geometry": {
        "type": "Point",
        "coordinates": [
          -45.8883162,
          -23.1797823
        ]
      },
      "id": "node/7047004048"
    },
    {
      "type": "Feature",
      "properties": {
        "@id": "node/7047004053",
        "bench": "yes",
        "bus": "yes",
        "highway": "bus_stop",
        "operator": "Maringá do vale",
        "public_transport": "platform",
        "ref": "11"
      },
      "geometry": {
        "type": "Point",
        "coordinates": [
          -45.8883335,
          -23.179731
        ]
      },
      "id": "node/7047004053"
    },
    {
      "type": "Feature",
      "properties": {
        "@id": "node/7047004058",
        "bench": "yes",
        "bus": "yes",
        "highway": "bus_stop",
        "operator": "Maringá do vale",
        "public_transport": "platform",
        "ref": "13"
      },
      "geometry": {
        "type": "Point",
        "coordinates": [
          -45.8883491,
          -23.1796848
        ]
      },
      "id": "node/7047004058"
    },
    {
      "type": "Feature",
      "properties": {
        "@id": "node/7047004063",
        "bench": "yes",
        "bus": "yes",
        "highway": "bus_stop",
        "operator": "Maringá do vale",
        "public_transport": "platform",
        "ref": "15"
      },
      "geometry": {
        "type": "Point",
        "coordinates": [
          -45.8883622,
          -23.1796463
        ]
      },
      "id": "node/7047004063"
    },
    {
      "type": "Feature",
      "properties": {
        "@id": "node/7047004070",
        "bench": "yes",
        "bus": "yes",
        "highway": "bus_stop",
        "operator": "Maringá do vale",
        "public_transport": "platform",
        "ref": "17"
      },
      "geometry": {
        "type": "Point",
        "coordinates": [
          -45.8883736,
          -23.1796126
        ]
      },
      "id": "node/7047004070"
    },
    {
      "type": "Feature",
      "properties": {
        "@id": "node/7049804339",
        "bench": "no",
        "bin": "no",
        "bus": "yes",
        "covered": "no",
        "highway": "bus_stop",
        "public_transport": "platform",
        "shelter": "no"
      },
      "geometry": {
        "type": "Point",
        "coordinates": [
          -45.9092895,
          -23.2190827
        ]
      },
      "id": "node/7049804339"
    },
    {
      "type": "Feature",
      "properties": {
        "@id": "node/7049804340",
        "bench": "yes",
        "bin": "yes",
        "bus": "yes",
        "highway": "bus_stop",
        "public_transport": "platform",
        "shelter": "yes"
      },
      "geometry": {
        "type": "Point",
        "coordinates": [
          -45.9092624,
          -23.2189129
        ]
      },
      "id": "node/7049804340"
    },
    {
      "type": "Feature",
      "properties": {
        "@id": "node/7049804341",
        "bench": "yes",
        "bus": "yes",
        "highway": "bus_stop",
        "name": "Carrefour",
        "public_transport": "platform",
        "shelter": "yes"
      },
      "geometry": {
        "type": "Point",
        "coordinates": [
          -45.9052946,
          -23.2220305
        ]
      },
      "id": "node/7049804341"
    },
    {
      "type": "Feature",
      "properties": {
        "@id": "node/7049815575",
        "bench": "yes",
        "bin": "yes",
        "bus": "yes",
        "check_date:shelter": "2024-11-01",
        "highway": "bus_stop",
        "lit": "yes",
        "noname": "yes",
        "public_transport": "platform",
        "shelter": "yes"
      },
      "geometry": {
        "type": "Point",
        "coordinates": [
          -45.8938149,
          -23.1959648
        ]
      },
      "id": "node/7049815575"
    },
    {
      "type": "Feature",
      "properties": {
        "@id": "node/7049815576",
        "bench": "no",
        "bin": "yes",
        "bus": "yes",
        "highway": "bus_stop",
        "public_transport": "platform",
        "shelter": "yes"
      },
      "geometry": {
        "type": "Point",
        "coordinates": [
          -45.8912418,
          -23.1921394
        ]
      },
      "id": "node/7049815576"
    },
    {
      "type": "Feature",
      "properties": {
        "@id": "node/7237281971",
        "bus": "yes",
        "highway": "bus_stop",
        "public_transport": "platform"
      },
      "geometry": {
        "type": "Point",
        "coordinates": [
          -45.816384,
          -23.1678133
        ]
      },
      "id": "node/7237281971"
    },
    {
      "type": "Feature",
      "properties": {
        "@id": "node/7237281976",
        "bus": "yes",
        "highway": "bus_stop",
        "public_transport": "platform"
      },
      "geometry": {
        "type": "Point",
        "coordinates": [
          -45.8165288,
          -23.1675568
        ]
      },
      "id": "node/7237281976"
    },
    {
      "type": "Feature",
      "properties": {
        "@id": "node/7561450968",
        "bus": "yes",
        "highway": "bus_stop",
        "public_transport": "platform"
      },
      "geometry": {
        "type": "Point",
        "coordinates": [
          -45.8874524,
          -23.1851809
        ]
      },
      "id": "node/7561450968"
    },
    {
      "type": "Feature",
      "properties": {
        "@id": "node/7686998805",
        "bench": "yes",
        "bin": "yes",
        "bus": "yes",
        "highway": "bus_stop",
        "name:signed": "no",
        "public_transport": "platform",
        "shelter": "yes"
      },
      "geometry": {
        "type": "Point",
        "coordinates": [
          -45.912459,
          -23.2291621
        ]
      },
      "id": "node/7686998805"
    },
    {
      "type": "Feature",
      "properties": {
        "@id": "node/7714761650",
        "bus": "yes",
        "departures_board": "no",
        "highway": "bus_stop",
        "public_transport": "platform"
      },
      "geometry": {
        "type": "Point",
        "coordinates": [
          -45.9349351,
          -23.2501974
        ]
      },
      "id": "node/7714761650"
    },
    {
      "type": "Feature",
      "properties": {
        "@id": "node/7714906614",
        "bus": "yes",
        "departures_board": "no",
        "highway": "bus_stop",
        "public_transport": "platform",
        "shelter": "no"
      },
      "geometry": {
        "type": "Point",
        "coordinates": [
          -45.8859012,
          -23.1983977
        ]
      },
      "id": "node/7714906614"
    },
    {
      "type": "Feature",
      "properties": {
        "@id": "node/7714928941",
        "bus": "yes",
        "departures_board": "no",
        "highway": "bus_stop",
        "public_transport": "platform",
        "shelter": "no"
      },
      "geometry": {
        "type": "Point",
        "coordinates": [
          -45.885692,
          -23.1952371
        ]
      },
      "id": "node/7714928941"
    },
    {
      "type": "Feature",
      "properties": {
        "@id": "node/7714928942",
        "bus": "yes",
        "highway": "bus_stop",
        "public_transport": "platform"
      },
      "geometry": {
        "type": "Point",
        "coordinates": [
          -45.885295,
          -23.1934226
        ]
      },
      "id": "node/7714928942"
    },
    {
      "type": "Feature",
      "properties": {
        "@id": "node/7714989188",
        "bus": "yes",
        "departures_board": "no",
        "highway": "bus_stop",
        "public_transport": "platform",
        "shelter": "no"
      },
      "geometry": {
        "type": "Point",
        "coordinates": [
          -45.8856544,
          -23.190252
        ]
      },
      "id": "node/7714989188"
    },
    {
      "type": "Feature",
      "properties": {
        "@id": "node/7714989200",
        "bus": "yes",
        "highway": "bus_stop",
        "public_transport": "platform"
      },
      "geometry": {
        "type": "Point",
        "coordinates": [
          -45.8771384,
          -23.1929492
        ]
      },
      "id": "node/7714989200"
    },
    {
      "type": "Feature",
      "properties": {
        "@id": "node/7724862314",
        "bus": "yes",
        "departures_board": "no",
        "highway": "bus_stop",
        "public_transport": "platform",
        "shelter": "yes"
      },
      "geometry": {
        "type": "Point",
        "coordinates": [
          -45.9231802,
          -23.2415686
        ]
      },
      "id": "node/7724862314"
    },
    {
      "type": "Feature",
      "properties": {
        "@id": "node/7724917701",
        "bench": "yes",
        "bin": "no",
        "bus": "yes",
        "departures_board": "realtime",
        "highway": "bus_stop",
        "public_transport": "platform",
        "shelter": "yes"
      },
      "geometry": {
        "type": "Point",
        "coordinates": [
          -45.9045814,
          -23.2246814
        ]
      },
      "id": "node/7724917701"
    },
    {
      "type": "Feature",
      "properties": {
        "@id": "node/7725633496",
        "bus": "yes",
        "departures_board": "no",
        "highway": "bus_stop",
        "public_transport": "platform",
        "shelter": "yes"
      },
      "geometry": {
        "type": "Point",
        "coordinates": [
          -45.8832185,
          -23.2141298
        ]
      },
      "id": "node/7725633496"
    },
    {
      "type": "Feature",
      "properties": {
        "@id": "node/7725633497",
        "bus": "yes",
        "departures_board": "no",
        "highway": "bus_stop",
        "public_transport": "platform",
        "shelter": "yes"
      },
      "geometry": {
        "type": "Point",
        "coordinates": [
          -45.8832647,
          -23.2141663
        ]
      },
      "id": "node/7725633497"
    },
    {
      "type": "Feature",
      "properties": {
        "@id": "node/7726584170",
        "bus": "yes",
        "check_date:shelter": "2024-10-13",
        "departures_board": "no",
        "highway": "bus_stop",
        "public_transport": "platform",
        "shelter": "yes"
      },
      "geometry": {
        "type": "Point",
        "coordinates": [
          -45.8841594,
          -23.2293036
        ]
      },
      "id": "node/7726584170"
    },
    {
      "type": "Feature",
      "properties": {
        "@id": "node/7727071035",
        "bus": "yes",
        "departures_board": "no",
        "highway": "bus_stop",
        "public_transport": "platform",
        "shelter": "yes"
      },
      "geometry": {
        "type": "Point",
        "coordinates": [
          -45.8989285,
          -23.2320161
        ]
      },
      "id": "node/7727071035"
    },
    {
      "type": "Feature",
      "properties": {
        "@id": "node/7727100114",
        "bus": "yes",
        "highway": "bus_stop",
        "public_transport": "platform"
      },
      "geometry": {
        "type": "Point",
        "coordinates": [
          -45.9019644,
          -23.2323566
        ]
      },
      "id": "node/7727100114"
    },
    {
      "type": "Feature",
      "properties": {
        "@id": "node/7727188163",
        "bus": "yes",
        "departures_board": "no",
        "highway": "bus_stop",
        "public_transport": "platform",
        "shelter": "yes"
      },
      "geometry": {
        "type": "Point",
        "coordinates": [
          -45.9038283,
          -23.2363646
        ]
      },
      "id": "node/7727188163"
    },
    {
      "type": "Feature",
      "properties": {
        "@id": "node/7727188164",
        "bus": "yes",
        "departures_board": "no",
        "highway": "bus_stop",
        "public_transport": "platform",
        "shelter": "yes"
      },
      "geometry": {
        "type": "Point",
        "coordinates": [
          -45.9036496,
          -23.2364412
        ]
      },
      "id": "node/7727188164"
    },
    {
      "type": "Feature",
      "properties": {
        "@id": "node/7727191730",
        "bus": "yes",
        "departures_board": "no",
        "highway": "bus_stop",
        "public_transport": "platform",
        "shelter": "yes"
      },
      "geometry": {
        "type": "Point",
        "coordinates": [
          -45.9029866,
          -23.2345441
        ]
      },
      "id": "node/7727191730"
    },
    {
      "type": "Feature",
      "properties": {
        "@id": "node/7727209476",
        "bus": "yes",
        "departures_board": "no",
        "highway": "bus_stop",
        "public_transport": "platform",
        "shelter": "yes"
      },
      "geometry": {
        "type": "Point",
        "coordinates": [
          -45.9061826,
          -23.240848
        ]
      },
      "id": "node/7727209476"
    },
    {
      "type": "Feature",
      "properties": {
        "@id": "node/7727414544",
        "bus": "yes",
        "departures_board": "no",
        "highway": "bus_stop",
        "public_transport": "platform",
        "shelter": "yes"
      },
      "geometry": {
        "type": "Point",
        "coordinates": [
          -45.9100508,
          -23.2552884
        ]
      },
      "id": "node/7727414544"
    },
    {
      "type": "Feature",
      "properties": {
        "@id": "node/7729141036",
        "bus": "yes",
        "departures_board": "no",
        "highway": "bus_stop",
        "public_transport": "platform",
        "shelter": "yes"
      },
      "geometry": {
        "type": "Point",
        "coordinates": [
          -45.9069194,
          -23.2448973
        ]
      },
      "id": "node/7729141036"
    },
    {
      "type": "Feature",
      "properties": {
        "@id": "node/7729187612",
        "bus": "yes",
        "departures_board": "no",
        "highway": "bus_stop",
        "public_transport": "platform",
        "shelter": "yes"
      },
      "geometry": {
        "type": "Point",
        "coordinates": [
          -45.9055821,
          -23.240451
        ]
      },
      "id": "node/7729187612"
    },
    {
      "type": "Feature",
      "properties": {
        "@id": "node/7729444628",
        "bus": "yes",
        "departures_board": "no",
        "highway": "bus_stop",
        "name": "Rodovia dos Tamoios, 3524",
        "network": "EMTU",
        "network:short": "EMTU",
        "network:wikidata": "Q5374439",
        "network:wikipedia": "pt:Empresa Metropolitana de Transportes Urbanos de São Paulo",
        "public_transport": "platform",
        "public_transport:version": "2",
        "route_ref": "5503"
      },
      "geometry": {
        "type": "Point",
        "coordinates": [
          -45.869996,
          -23.230395
        ]
      },
      "id": "node/7729444628"
    },
    {
      "type": "Feature",
      "properties": {
        "@id": "node/7810300045",
        "bus": "yes",
        "highway": "bus_stop",
        "public_transport": "platform"
      },
      "geometry": {
        "type": "Point",
        "coordinates": [
          -45.893119,
          -23.2878225
        ]
      },
      "id": "node/7810300045"
    },
    {
      "type": "Feature",
      "properties": {
        "@id": "node/7895281866",
        "bus": "yes",
        "departures_board": "no",
        "highway": "bus_stop",
        "public_transport": "platform",
        "shelter": "yes"
      },
      "geometry": {
        "type": "Point",
        "coordinates": [
          -45.7842482,
          -23.1371677
        ]
      },
      "id": "node/7895281866"
    },
    {
      "type": "Feature",
      "properties": {
        "@id": "node/7895281867",
        "bus": "yes",
        "departures_board": "no",
        "highway": "bus_stop",
        "public_transport": "platform",
        "shelter": "yes"
      },
      "geometry": {
        "type": "Point",
        "coordinates": [
          -45.7842851,
          -23.1373691
        ]
      },
      "id": "node/7895281867"
    },
    {
      "type": "Feature",
      "properties": {
        "@id": "node/7918689596",
        "bench": "yes",
        "bus": "yes",
        "highway": "bus_stop",
        "public_transport": "platform",
        "shelter": "yes"
      },
      "geometry": {
        "type": "Point",
        "coordinates": [
          -45.9063673,
          -23.2059558
        ]
      },
      "id": "node/7918689596"
    },
    {
      "type": "Feature",
      "properties": {
        "@id": "node/8176505097",
        "bench": "yes",
        "bus": "yes",
        "highway": "bus_stop",
        "public_transport": "platform",
        "shelter": "yes"
      },
      "geometry": {
        "type": "Point",
        "coordinates": [
          -45.9011639,
          -23.2257045
        ]
      },
      "id": "node/8176505097"
    },
    {
      "type": "Feature",
      "properties": {
        "@id": "node/8477976700",
        "bus": "yes",
        "highway": "bus_stop",
        "public_transport": "platform"
      },
      "geometry": {
        "type": "Point",
        "coordinates": [
          -45.8854917,
          -23.244176
        ]
      },
      "id": "node/8477976700"
    },
    {
      "type": "Feature",
      "properties": {
        "@id": "node/8490740180",
        "bus": "yes",
        "highway": "bus_stop",
        "public_transport": "platform"
      },
      "geometry": {
        "type": "Point",
        "coordinates": [
          -45.8970713,
          -23.2392218
        ]
      },
      "id": "node/8490740180"
    },
    {
      "type": "Feature",
      "properties": {
        "@id": "node/8490740755",
        "bus": "yes",
        "highway": "bus_stop",
        "public_transport": "platform"
      },
      "geometry": {
        "type": "Point",
        "coordinates": [
          -45.8971364,
          -23.2466673
        ]
      },
      "id": "node/8490740755"
    },
    {
      "type": "Feature",
      "properties": {
        "@id": "node/8540192437",
        "bus": "yes",
        "highway": "bus_stop",
        "public_transport": "platform"
      },
      "geometry": {
        "type": "Point",
        "coordinates": [
          -45.8853575,
          -23.2747386
        ]
      },
      "id": "node/8540192437"
    },
    {
      "type": "Feature",
      "properties": {
        "@id": "node/8540192438",
        "bus": "yes",
        "highway": "bus_stop",
        "public_transport": "platform"
      },
      "geometry": {
        "type": "Point",
        "coordinates": [
          -45.8855993,
          -23.2744981
        ]
      },
      "id": "node/8540192438"
    },
    {
      "type": "Feature",
      "properties": {
        "@id": "node/8569463938",
        "bus": "yes",
        "departures_board": "no",
        "highway": "bus_stop",
        "public_transport": "platform",
        "shelter": "yes"
      },
      "geometry": {
        "type": "Point",
        "coordinates": [
          -45.9066909,
          -23.0627786
        ]
      },
      "id": "node/8569463938"
    },
    {
      "type": "Feature",
      "properties": {
        "@id": "node/8569633340",
        "bus": "yes",
        "departures_board": "no",
        "highway": "bus_stop",
        "public_transport": "platform",
        "shelter": "yes"
      },
      "geometry": {
        "type": "Point",
        "coordinates": [
          -45.9082276,
          -23.1351141
        ]
      },
      "id": "node/8569633340"
    },
    {
      "type": "Feature",
      "properties": {
        "@id": "node/8569633341",
        "bus": "yes",
        "departures_board": "no",
        "highway": "bus_stop",
        "public_transport": "platform",
        "shelter": "yes"
      },
      "geometry": {
        "type": "Point",
        "coordinates": [
          -45.9085541,
          -23.1356292
        ]
      },
      "id": "node/8569633341"
    },
    {
      "type": "Feature",
      "properties": {
        "@id": "node/8569801502",
        "bus": "yes",
        "departures_board": "no",
        "highway": "bus_stop",
        "public_transport": "platform",
        "shelter": "yes"
      },
      "geometry": {
        "type": "Point",
        "coordinates": [
          -45.9047618,
          -23.1437805
        ]
      },
      "id": "node/8569801502"
    },
    {
      "type": "Feature",
      "properties": {
        "@id": "node/8570323565",
        "bus": "yes",
        "departures_board": "no",
        "highway": "bus_stop",
        "public_transport": "platform",
        "shelter": "yes"
      },
      "geometry": {
        "type": "Point",
        "coordinates": [
          -45.8811063,
          -23.0432738
        ]
      },
      "id": "node/8570323565"
    },
    {
      "type": "Feature",
      "properties": {
        "@id": "node/8570352289",
        "bus": "yes",
        "highway": "bus_stop",
        "public_transport": "platform"
      },
      "geometry": {
        "type": "Point",
        "coordinates": [
          -45.9104632,
          -23.0657975
        ]
      },
      "id": "node/8570352289"
    },
    {
      "type": "Feature",
      "properties": {
        "@id": "node/8570352294",
        "bus": "yes",
        "departures_board": "no",
        "highway": "bus_stop",
        "public_transport": "platform"
      },
      "geometry": {
        "type": "Point",
        "coordinates": [
          -45.9117267,
          -23.067676
        ]
      },
      "id": "node/8570352294"
    },
    {
      "type": "Feature",
      "properties": {
        "@id": "node/8570382723",
        "bus": "yes",
        "departures_board": "no",
        "highway": "bus_stop",
        "public_transport": "platform",
        "shelter": "no"
      },
      "geometry": {
        "type": "Point",
        "coordinates": [
          -45.8997899,
          -23.0569329
        ]
      },
      "id": "node/8570382723"
    },
    {
      "type": "Feature",
      "properties": {
        "@id": "node/8570382734",
        "bus": "yes",
        "highway": "bus_stop",
        "public_transport": "platform"
      },
      "geometry": {
        "type": "Point",
        "coordinates": [
          -45.9021244,
          -23.0589795
        ]
      },
      "id": "node/8570382734"
    },
    {
      "type": "Feature",
      "properties": {
        "@id": "node/8570406609",
        "bus": "yes",
        "departures_board": "no",
        "highway": "bus_stop",
        "public_transport": "platform",
        "shelter": "yes"
      },
      "geometry": {
        "type": "Point",
        "coordinates": [
          -45.9232091,
          -23.0789663
        ]
      },
      "id": "node/8570406609"
    },
    {
      "type": "Feature",
      "properties": {
        "@id": "node/8571925828",
        "bus": "yes",
        "departures_board": "no",
        "highway": "bus_stop",
        "public_transport": "platform",
        "shelter": "yes"
      },
      "geometry": {
        "type": "Point",
        "coordinates": [
          -45.9205164,
          -23.0950806
        ]
      },
      "id": "node/8571925828"
    },
    {
      "type": "Feature",
      "properties": {
        "@id": "node/8572117682",
        "bus": "yes",
        "departures_board": "no",
        "highway": "bus_stop",
        "public_transport": "platform",
        "shelter": "no"
      },
      "geometry": {
        "type": "Point",
        "coordinates": [
          -45.9080917,
          -23.0904536
        ]
      },
      "id": "node/8572117682"
    },
    {
      "type": "Feature",
      "properties": {
        "@id": "node/8572117683",
        "bus": "yes",
        "departures_board": "no",
        "highway": "bus_stop",
        "public_transport": "platform",
        "shelter": "no"
      },
      "geometry": {
        "type": "Point",
        "coordinates": [
          -45.9102086,
          -23.092088
        ]
      },
      "id": "node/8572117683"
    },
    {
      "type": "Feature",
      "properties": {
        "@id": "node/8572137689",
        "bus": "yes",
        "departures_board": "no",
        "highway": "bus_stop",
        "public_transport": "platform",
        "shelter": "no"
      },
      "geometry": {
        "type": "Point",
        "coordinates": [
          -45.9195764,
          -23.0974733
        ]
      },
      "id": "node/8572137689"
    },
    {
      "type": "Feature",
      "properties": {
        "@id": "node/8573227939",
        "bench": "yes",
        "bus": "yes",
        "highway": "bus_stop",
        "public_transport": "platform",
        "shelter": "yes"
      },
      "geometry": {
        "type": "Point",
        "coordinates": [
          -45.8940179,
          -23.1651725
        ]
      },
      "id": "node/8573227939"
    },
    {
      "type": "Feature",
      "properties": {
        "@id": "node/8576326786",
        "bench": "yes",
        "bin": "yes",
        "bus": "yes",
        "departures_board": "no",
        "highway": "bus_stop",
        "public_transport": "platform",
        "shelter": "yes"
      },
      "geometry": {
        "type": "Point",
        "coordinates": [
          -45.8910548,
          -23.1700495
        ]
      },
      "id": "node/8576326786"
    },
    {
      "type": "Feature",
      "properties": {
        "@id": "node/8579428702",
        "bus": "yes",
        "departures_board": "no",
        "highway": "bus_stop",
        "public_transport": "platform",
        "shelter": "yes"
      },
      "geometry": {
        "type": "Point",
        "coordinates": [
          -45.9183563,
          -23.1103688
        ]
      },
      "id": "node/8579428702"
    },
    {
      "type": "Feature",
      "properties": {
        "@id": "node/8579568166",
        "bus": "yes",
        "departures_board": "no",
        "highway": "bus_stop",
        "public_transport": "platform",
        "shelter": "no"
      },
      "geometry": {
        "type": "Point",
        "coordinates": [
          -45.8996949,
          -23.0569827
        ]
      },
      "id": "node/8579568166"
    },
    {
      "type": "Feature",
      "properties": {
        "@id": "node/8582911992",
        "bus": "yes",
        "departures_board": "no",
        "highway": "bus_stop",
        "public_transport": "platform",
        "shelter": "yes"
      },
      "geometry": {
        "type": "Point",
        "coordinates": [
          -45.8338715,
          -23.1758444
        ]
      },
      "id": "node/8582911992"
    },
    {
      "type": "Feature",
      "properties": {
        "@id": "node/8582911993",
        "bus": "yes",
        "departures_board": "no",
        "highway": "bus_stop",
        "public_transport": "platform",
        "shelter": "yes"
      },
      "geometry": {
        "type": "Point",
        "coordinates": [
          -45.8301142,
          -23.1742604
        ]
      },
      "id": "node/8582911993"
    },
    {
      "type": "Feature",
      "properties": {
        "@id": "node/8582979425",
        "bus": "yes",
        "departures_board": "no",
        "highway": "bus_stop",
        "public_transport": "platform",
        "shelter": "yes"
      },
      "geometry": {
        "type": "Point",
        "coordinates": [
          -45.8224262,
          -23.1701189
        ]
      },
      "id": "node/8582979425"
    },
    {
      "type": "Feature",
      "properties": {
        "@id": "node/8582979431",
        "bus": "yes",
        "departures_board": "no",
        "highway": "bus_stop",
        "public_transport": "platform",
        "shelter": "yes"
      },
      "geometry": {
        "type": "Point",
        "coordinates": [
          -45.8168973,
          -23.1667395
        ]
      },
      "id": "node/8582979431"
    },
    {
      "type": "Feature",
      "properties": {
        "@id": "node/8582979432",
        "bus": "yes",
        "departures_board": "no",
        "highway": "bus_stop",
        "public_transport": "platform",
        "shelter": "yes"
      },
      "geometry": {
        "type": "Point",
        "coordinates": [
          -45.8195396,
          -23.1687873
        ]
      },
      "id": "node/8582979432"
    },
    {
      "type": "Feature",
      "properties": {
        "@id": "node/8582988821",
        "bus": "yes",
        "departures_board": "no",
        "highway": "bus_stop",
        "public_transport": "platform",
        "shelter": "yes"
      },
      "geometry": {
        "type": "Point",
        "coordinates": [
          -45.8162833,
          -23.1671561
        ]
      },
      "id": "node/8582988821"
    },
    {
      "type": "Feature",
      "properties": {
        "@id": "node/8583090480",
        "bus": "yes",
        "departures_board": "no",
        "highway": "bus_stop",
        "public_transport": "platform",
        "shelter": "yes"
      },
      "geometry": {
        "type": "Point",
        "coordinates": [
          -45.7980594,
          -23.1494967
        ]
      },
      "id": "node/8583090480"
    },
    {
      "type": "Feature",
      "properties": {
        "@id": "node/8583090481",
        "bus": "yes",
        "departures_board": "no",
        "highway": "bus_stop",
        "public_transport": "platform",
        "shelter": "yes"
      },
      "geometry": {
        "type": "Point",
        "coordinates": [
          -45.7976568,
          -23.1493784
        ]
      },
      "id": "node/8583090481"
    },
    {
      "type": "Feature",
      "properties": {
        "@id": "node/8583107683",
        "bus": "yes",
        "departures_board": "no",
        "highway": "bus_stop",
        "public_transport": "platform",
        "shelter": "yes"
      },
      "geometry": {
        "type": "Point",
        "coordinates": [
          -45.8005214,
          -23.1517979
        ]
      },
      "id": "node/8583107683"
    },
    {
      "type": "Feature",
      "properties": {
        "@id": "node/8583107684",
        "bus": "yes",
        "departures_board": "no",
        "highway": "bus_stop",
        "public_transport": "platform",
        "shelter": "yes"
      },
      "geometry": {
        "type": "Point",
        "coordinates": [
          -45.8010044,
          -23.1520792
        ]
      },
      "id": "node/8583107684"
    },
    {
      "type": "Feature",
      "properties": {
        "@id": "node/8583114953",
        "bus": "yes",
        "departures_board": "no",
        "highway": "bus_stop",
        "public_transport": "platform",
        "shelter": "yes"
      },
      "geometry": {
        "type": "Point",
        "coordinates": [
          -45.804486,
          -23.1611932
        ]
      },
      "id": "node/8583114953"
    },
    {
      "type": "Feature",
      "properties": {
        "@id": "node/8583114955",
        "bus": "yes",
        "departures_board": "no",
        "highway": "bus_stop",
        "public_transport": "platform",
        "shelter": "yes"
      },
      "geometry": {
        "type": "Point",
        "coordinates": [
          -45.8029059,
          -23.1547297
        ]
      },
      "id": "node/8583114955"
    },
    {
      "type": "Feature",
      "properties": {
        "@id": "node/8584200237",
        "bus": "yes",
        "departures_board": "no",
        "highway": "bus_stop",
        "public_transport": "platform",
        "shelter": "yes"
      },
      "geometry": {
        "type": "Point",
        "coordinates": [
          -45.7760615,
          -23.1341902
        ]
      },
      "id": "node/8584200237"
    },
    {
      "type": "Feature",
      "properties": {
        "@id": "node/8584200238",
        "bus": "yes",
        "departures_board": "no",
        "highway": "bus_stop",
        "public_transport": "platform",
        "shelter": "yes"
      },
      "geometry": {
        "type": "Point",
        "coordinates": [
          -45.7744714,
          -23.1336574
        ]
      },
      "id": "node/8584200238"
    },
    {
      "type": "Feature",
      "properties": {
        "@id": "node/8584410554",
        "bus": "yes",
        "departures_board": "no",
        "highway": "bus_stop",
        "public_transport": "platform",
        "shelter": "yes"
      },
      "geometry": {
        "type": "Point",
        "coordinates": [
          -45.7715903,
          -23.1326739
        ]
      },
      "id": "node/8584410554"
    },
    {
      "type": "Feature",
      "properties": {
        "@id": "node/8584410575",
        "bus": "yes",
        "departures_board": "no",
        "highway": "bus_stop",
        "public_transport": "platform",
        "shelter": "yes"
      },
      "geometry": {
        "type": "Point",
        "coordinates": [
          -45.7706004,
          -23.1335265
        ]
      },
      "id": "node/8584410575"
    },
    {
      "type": "Feature",
      "properties": {
        "@id": "node/8584452744",
        "bus": "yes",
        "departures_board": "no",
        "highway": "bus_stop",
        "public_transport": "platform",
        "shelter": "yes"
      },
      "geometry": {
        "type": "Point",
        "coordinates": [
          -45.7694285,
          -23.131995
        ]
      },
      "id": "node/8584452744"
    },
    {
      "type": "Feature",
      "properties": {
        "@id": "node/8584452745",
        "bus": "yes",
        "departures_board": "no",
        "highway": "bus_stop",
        "public_transport": "platform",
        "shelter": "yes"
      },
      "geometry": {
        "type": "Point",
        "coordinates": [
          -45.767847,
          -23.1313506
        ]
      },
      "id": "node/8584452745"
    },
    {
      "type": "Feature",
      "properties": {
        "@id": "node/8584476540",
        "bus": "yes",
        "departures_board": "no",
        "highway": "bus_stop",
        "public_transport": "platform",
        "shelter": "yes"
      },
      "geometry": {
        "type": "Point",
        "coordinates": [
          -45.7666341,
          -23.1311442
        ]
      },
      "id": "node/8584476540"
    },
    {
      "type": "Feature",
      "properties": {
        "@id": "node/8592799590",
        "bus": "yes",
        "departures_board": "no",
        "highway": "bus_stop",
        "public_transport": "platform",
        "shelter": "yes"
      },
      "geometry": {
        "type": "Point",
        "coordinates": [
          -45.7716907,
          -23.132363
        ]
      },
      "id": "node/8592799590"
    },
    {
      "type": "Feature",
      "properties": {
        "@id": "node/8592799592",
        "bus": "yes",
        "departures_board": "no",
        "highway": "bus_stop",
        "public_transport": "platform",
        "shelter": "yes"
      },
      "geometry": {
        "type": "Point",
        "coordinates": [
          -45.7746787,
          -23.1333698
        ]
      },
      "id": "node/8592799592"
    },
    {
      "type": "Feature",
      "properties": {
        "@id": "node/8831968017",
        "bench": "yes",
        "bin": "yes",
        "bus": "yes",
        "highway": "bus_stop",
        "lit": "yes",
        "name": "Parada de ônibus",
        "public_transport": "platform",
        "shelter": "yes"
      },
      "geometry": {
        "type": "Point",
        "coordinates": [
          -45.9204777,
          -23.2238296
        ]
      },
      "id": "node/8831968017"
    },
    {
      "type": "Feature",
      "properties": {
        "@id": "node/8831994419",
        "bench": "yes",
        "bin": "yes",
        "bus": "yes",
        "departures_board": "no",
        "highway": "bus_stop",
        "public_transport": "platform",
        "shelter": "yes"
      },
      "geometry": {
        "type": "Point",
        "coordinates": [
          -45.9232615,
          -23.226935
        ]
      },
      "id": "node/8831994419"
    },
    {
      "type": "Feature",
      "properties": {
        "@id": "node/8832014217",
        "bench": "yes",
        "bin": "yes",
        "bus": "yes",
        "highway": "bus_stop",
        "lit": "no",
        "public_transport": "platform",
        "ref": "O-038",
        "shelter": "no"
      },
      "geometry": {
        "type": "Point",
        "coordinates": [
          -45.9227249,
          -23.2285184
        ]
      },
      "id": "node/8832014217"
    },
    {
      "type": "Feature",
      "properties": {
        "@id": "node/8832065922",
        "bench": "yes",
        "bin": "yes",
        "bus": "yes",
        "highway": "bus_stop",
        "lit": "yes",
        "public_transport": "platform",
        "shelter": "yes"
      },
      "geometry": {
        "type": "Point",
        "coordinates": [
          -45.9231412,
          -23.2283753
        ]
      },
      "id": "node/8832065922"
    },
    {
      "type": "Feature",
      "properties": {
        "@id": "node/8839865617",
        "bench": "yes",
        "bin": "yes",
        "bus": "yes",
        "highway": "bus_stop",
        "lit": "yes",
        "name": "Parada de ônibus",
        "public_transport": "platform",
        "shelter": "yes"
      },
      "geometry": {
        "type": "Point",
        "coordinates": [
          -45.9184628,
          -23.2229179
        ]
      },
      "id": "node/8839865617"
    },
    {
      "type": "Feature",
      "properties": {
        "@id": "node/8839910217",
        "bench": "yes",
        "bin": "yes",
        "bus": "yes",
        "highway": "bus_stop",
        "lit": "yes",
        "public_transport": "platform",
        "ref": "O-138",
        "shelter": "yes"
      },
      "geometry": {
        "type": "Point",
        "coordinates": [
          -45.9175685,
          -23.2249477
        ]
      },
      "id": "node/8839910217"
    },
    {
      "type": "Feature",
      "properties": {
        "@id": "node/8839910318",
        "bench": "yes",
        "bin": "yes",
        "bus": "yes",
        "highway": "bus_stop",
        "lit": "no",
        "public_transport": "platform",
        "shelter": "yes"
      },
      "geometry": {
        "type": "Point",
        "coordinates": [
          -45.9159489,
          -23.2286031
        ]
      },
      "id": "node/8839910318"
    },
    {
      "type": "Feature",
      "properties": {
        "@id": "node/8839972217",
        "bench": "yes",
        "bin": "yes",
        "bus": "yes",
        "highway": "bus_stop",
        "lit": "no",
        "public_transport": "platform",
        "ref": "O-048",
        "shelter": "yes"
      },
      "geometry": {
        "type": "Point",
        "coordinates": [
          -45.9159739,
          -23.2270558
        ]
      },
      "id": "node/8839972217"
    },
    {
      "type": "Feature",
      "properties": {
        "@id": "node/8839972517",
        "bench": "yes",
        "bin": "yes",
        "bus": "yes",
        "departures_board": "no",
        "highway": "bus_stop",
        "lit": "no",
        "public_transport": "platform",
        "shelter": "yes"
      },
      "geometry": {
        "type": "Point",
        "coordinates": [
          -45.9157957,
          -23.2309135
        ]
      },
      "id": "node/8839972517"
    },
    {
      "type": "Feature",
      "properties": {
        "@id": "node/8888112218",
        "bench": "yes",
        "bin": "yes",
        "bus": "yes",
        "highway": "bus_stop",
        "lit": "yes",
        "public_transport": "platform",
        "shelter": "yes"
      },
      "geometry": {
        "type": "Point",
        "coordinates": [
          -45.9218842,
          -23.2252531
        ]
      },
      "id": "node/8888112218"
    },
    {
      "type": "Feature",
      "properties": {
        "@id": "node/8988095817",
        "bus": "yes",
        "highway": "bus_stop",
        "name": "Parada de ônibus",
        "public_transport": "platform"
      },
      "geometry": {
        "type": "Point",
        "coordinates": [
          -45.893671,
          -23.2182177
        ]
      },
      "id": "node/8988095817"
    },
    {
      "type": "Feature",
      "properties": {
        "@id": "node/9044661368",
        "bus": "yes",
        "highway": "bus_stop",
        "public_transport": "platform"
      },
      "geometry": {
        "type": "Point",
        "coordinates": [
          -45.8725581,
          -23.1899237
        ]
      },
      "id": "node/9044661368"
    },
    {
      "type": "Feature",
      "properties": {
        "@id": "node/9044675447",
        "bus": "yes",
        "highway": "bus_stop",
        "public_transport": "platform"
      },
      "geometry": {
        "type": "Point",
        "coordinates": [
          -45.871628,
          -23.1907977
        ]
      },
      "id": "node/9044675447"
    },
    {
      "type": "Feature",
      "properties": {
        "@id": "node/9044675448",
        "bus": "yes",
        "highway": "bus_stop",
        "public_transport": "platform"
      },
      "geometry": {
        "type": "Point",
        "coordinates": [
          -45.8716005,
          -23.1912591
        ]
      },
      "id": "node/9044675448"
    },
    {
      "type": "Feature",
      "properties": {
        "@id": "node/9362271817",
        "bus": "yes",
        "highway": "bus_stop",
        "public_transport": "platform",
        "ref": "O-042",
        "shelter": "no"
      },
      "geometry": {
        "type": "Point",
        "coordinates": [
          -45.9174278,
          -23.2248052
        ]
      },
      "id": "node/9362271817"
    },
    {
      "type": "Feature",
      "properties": {
        "@id": "node/9892050780",
        "bench": "yes",
        "bin": "yes",
        "bus": "yes",
        "departures_board": "no",
        "highway": "bus_stop",
        "public_transport": "platform",
        "shelter": "yes"
      },
      "geometry": {
        "type": "Point",
        "coordinates": [
          -45.9146368,
          -23.2286971
        ]
      },
      "id": "node/9892050780"
    },
    {
      "type": "Feature",
      "properties": {
        "@id": "node/9906562017",
        "highway": "bus_stop",
        "name": "Ponto de ônibus",
        "name:en": "Bus stop"
      },
      "geometry": {
        "type": "Point",
        "coordinates": [
          -45.9456065,
          -23.2493251
        ]
      },
      "id": "node/9906562017"
    },
    {
      "type": "Feature",
      "properties": {
        "@id": "node/9910340017",
        "bus": "yes",
        "highway": "bus_stop",
        "opening_hours": "24/7",
        "public_transport": "platform"
      },
      "geometry": {
        "type": "Point",
        "coordinates": [
          -45.9004469,
          -23.1634019
        ]
      },
      "id": "node/9910340017"
    },
    {
      "type": "Feature",
      "properties": {
        "@id": "node/9917348490",
        "bench": "yes",
        "bus": "yes",
        "highway": "bus_stop",
        "public_transport": "platform",
        "shelter": "yes"
      },
      "geometry": {
        "type": "Point",
        "coordinates": [
          -45.8950393,
          -23.1572342
        ]
      },
      "id": "node/9917348490"
    },
    {
      "type": "Feature",
      "properties": {
        "@id": "node/9949528093",
        "bus": "yes",
        "highway": "bus_stop",
        "public_transport": "platform"
      },
      "geometry": {
        "type": "Point",
        "coordinates": [
          -45.895477,
          -23.1596544
        ]
      },
      "id": "node/9949528093"
    },
    {
      "type": "Feature",
      "properties": {
        "@id": "node/9983900916",
        "bench": "yes",
        "bus": "yes",
        "highway": "bus_stop",
        "public_transport": "platform",
        "shelter": "yes"
      },
      "geometry": {
        "type": "Point",
        "coordinates": [
          -45.898414,
          -23.1588233
        ]
      },
      "id": "node/9983900916"
    },
    {
      "type": "Feature",
      "properties": {
        "@id": "node/9983958740",
        "bus": "yes",
        "highway": "bus_stop",
        "public_transport": "platform"
      },
      "geometry": {
        "type": "Point",
        "coordinates": [
          -45.8960146,
          -23.1588697
        ]
      },
      "id": "node/9983958740"
    },
    {
      "type": "Feature",
      "properties": {
        "@id": "node/9984079789",
        "bus": "yes",
        "highway": "bus_stop",
        "public_transport": "platform"
      },
      "geometry": {
        "type": "Point",
        "coordinates": [
          -45.8999637,
          -23.1525541
        ]
      },
      "id": "node/9984079789"
    },
    {
      "type": "Feature",
      "properties": {
        "@id": "node/9984080104",
        "bus": "yes",
        "highway": "bus_stop",
        "public_transport": "platform"
      },
      "geometry": {
        "type": "Point",
        "coordinates": [
          -45.9045101,
          -23.1481065
        ]
      },
      "id": "node/9984080104"
    },
    {
      "type": "Feature",
      "properties": {
        "@id": "node/9984099552",
        "bus": "yes",
        "highway": "bus_stop",
        "public_transport": "platform"
      },
      "geometry": {
        "type": "Point",
        "coordinates": [
          -45.9022157,
          -23.1517738
        ]
      },
      "id": "node/9984099552"
    },
    {
      "type": "Feature",
      "properties": {
        "@id": "node/9984113028",
        "bus": "yes",
        "highway": "bus_stop",
        "public_transport": "platform"
      },
      "geometry": {
        "type": "Point",
        "coordinates": [
          -45.9045162,
          -23.143908
        ]
      },
      "id": "node/9984113028"
    },
    {
      "type": "Feature",
      "properties": {
        "@id": "node/9984119782",
        "bus": "yes",
        "highway": "bus_stop",
        "public_transport": "platform"
      },
      "geometry": {
        "type": "Point",
        "coordinates": [
          -45.8997267,
          -23.1523733
        ]
      },
      "id": "node/9984119782"
    },
    {
      "type": "Feature",
      "properties": {
        "@id": "node/10206472554",
        "bin": "no",
        "bus": "yes",
        "highway": "bus_stop",
        "name": "Parada de transporte público",
        "public_transport": "platform"
      },
      "geometry": {
        "type": "Point",
        "coordinates": [
          -45.9189183,
          -23.1603622
        ]
      },
      "id": "node/10206472554"
    },
    {
      "type": "Feature",
      "properties": {
        "@id": "node/10206494708",
        "bench": "yes",
        "bin": "no",
        "bus": "yes",
        "highway": "bus_stop",
        "name": "Parada de transporte público",
        "public_transport": "platform",
        "shelter": "yes"
      },
      "geometry": {
        "type": "Point",
        "coordinates": [
          -45.9190234,
          -23.160541
        ]
      },
      "id": "node/10206494708"
    },
    {
      "type": "Feature",
      "properties": {
        "@id": "node/10206502074",
        "bench": "yes",
        "bin": "no",
        "bus": "yes",
        "highway": "bus_stop",
        "name": "Parada de transporte público",
        "public_transport": "platform",
        "shelter": "yes"
      },
      "geometry": {
        "type": "Point",
        "coordinates": [
          -45.9210135,
          -23.1608794
        ]
      },
      "id": "node/10206502074"
    },
    {
      "type": "Feature",
      "properties": {
        "@id": "node/10206572561",
        "bench": "no",
        "bin": "no",
        "bus": "yes",
        "highway": "bus_stop",
        "lit": "no",
        "name": "Parada de transporte público",
        "public_transport": "platform",
        "shelter": "no"
      },
      "geometry": {
        "type": "Point",
        "coordinates": [
          -45.9210819,
          -23.160833
        ]
      },
      "id": "node/10206572561"
    },
    {
      "type": "Feature",
      "properties": {
        "@id": "node/10207394651",
        "bus": "yes",
        "highway": "bus_stop",
        "name": "Parada de transporte público",
        "public_transport": "platform"
      },
      "geometry": {
        "type": "Point",
        "coordinates": [
          -45.9154172,
          -23.1579367
        ]
      },
      "id": "node/10207394651"
    },
    {
      "type": "Feature",
      "properties": {
        "@id": "node/10207397601",
        "bus": "yes",
        "highway": "bus_stop",
        "name": "Parada de Ônibus",
        "public_transport": "platform"
      },
      "geometry": {
        "type": "Point",
        "coordinates": [
          -45.9161753,
          -23.1594062
        ]
      },
      "id": "node/10207397601"
    },
    {
      "type": "Feature",
      "properties": {
        "@id": "node/10207407066",
        "bus": "yes",
        "highway": "bus_stop",
        "name": "Parada de transporte público",
        "public_transport": "platform"
      },
      "geometry": {
        "type": "Point",
        "coordinates": [
          -45.9156879,
          -23.1580892
        ]
      },
      "id": "node/10207407066"
    },
    {
      "type": "Feature",
      "properties": {
        "@id": "node/10207407118",
        "bus": "yes",
        "highway": "bus_stop",
        "name": "Parada de transporte público",
        "public_transport": "platform"
      },
      "geometry": {
        "type": "Point",
        "coordinates": [
          -45.9138215,
          -23.1577286
        ]
      },
      "id": "node/10207407118"
    },
    {
      "type": "Feature",
      "properties": {
        "@id": "node/10226517376",
        "bus": "yes",
        "highway": "bus_stop",
        "public_transport": "platform"
      },
      "geometry": {
        "type": "Point",
        "coordinates": [
          -45.7817647,
          -23.1431859
        ]
      },
      "id": "node/10226517376"
    },
    {
      "type": "Feature",
      "properties": {
        "@id": "node/10289949062",
        "bus": "yes",
        "departures_board": "no",
        "highway": "bus_stop",
        "public_transport": "platform",
        "shelter": "no"
      },
      "geometry": {
        "type": "Point",
        "coordinates": [
          -45.8014039,
          -23.2535168
        ]
      },
      "id": "node/10289949062"
    },
    {
      "type": "Feature",
      "properties": {
        "@id": "node/10289949063",
        "bus": "yes",
        "highway": "bus_stop",
        "public_transport": "platform"
      },
      "geometry": {
        "type": "Point",
        "coordinates": [
          -45.8012973,
          -23.2535844
        ]
      },
      "id": "node/10289949063"
    },
    {
      "type": "Feature",
      "properties": {
        "@id": "node/10996241968",
        "bus": "yes",
        "highway": "bus_stop",
        "name": "Sp-099, Km 13,8 Sul",
        "network": "EMTU",
        "network:short": "EMTU",
        "network:wikidata": "Q5374439",
        "network:wikipedia": "pt:Empresa Metropolitana de Transportes Urbanos de São Paulo",
        "public_transport": "platform",
        "public_transport:version": "2",
        "route_ref": "5503"
      },
      "geometry": {
        "type": "Point",
        "coordinates": [
          -45.798016,
          -23.290839
        ]
      },
      "id": "node/10996241968"
    },
    {
      "type": "Feature",
      "properties": {
        "@id": "node/10996241970",
        "bus": "yes",
        "highway": "bus_stop",
        "name": "Rodovia dos Tamoios, S/nº",
        "network": "EMTU",
        "network:short": "EMTU",
        "network:wikidata": "Q5374439",
        "network:wikipedia": "pt:Empresa Metropolitana de Transportes Urbanos de São Paulo",
        "public_transport": "platform",
        "public_transport:version": "2",
        "route_ref": "5503"
      },
      "geometry": {
        "type": "Point",
        "coordinates": [
          -45.80976,
          -23.277838
        ]
      },
      "id": "node/10996241970"
    },
    {
      "type": "Feature",
      "properties": {
        "@id": "node/10996241972",
        "bus": "yes",
        "highway": "bus_stop",
        "name": "Sp-099, Km 7,6 Sul",
        "network": "EMTU",
        "network:short": "EMTU",
        "network:wikidata": "Q5374439",
        "network:wikipedia": "pt:Empresa Metropolitana de Transportes Urbanos de São Paulo",
        "public_transport": "platform",
        "public_transport:version": "2",
        "route_ref": "5503"
      },
      "geometry": {
        "type": "Point",
        "coordinates": [
          -45.841257,
          -23.254203
        ]
      },
      "id": "node/10996241972"
    },
    {
      "type": "Feature",
      "properties": {
        "@id": "node/10996241974",
        "bus": "yes",
        "highway": "bus_stop",
        "name": "Sp-099, Km 6,4 Sul",
        "network": "EMTU",
        "network:short": "EMTU",
        "network:wikidata": "Q5374439",
        "network:wikipedia": "pt:Empresa Metropolitana de Transportes Urbanos de São Paulo",
        "public_transport": "platform",
        "public_transport:version": "2",
        "route_ref": "5503"
      },
      "geometry": {
        "type": "Point",
        "coordinates": [
          -45.852088,
          -23.250547
        ]
      },
      "id": "node/10996241974"
    },
    {
      "type": "Feature",
      "properties": {
        "@id": "node/10996241976",
        "bus": "yes",
        "highway": "bus_stop",
        "name": "Rodovia dos Tamoios, 0",
        "network": "EMTU",
        "network:short": "EMTU",
        "network:wikidata": "Q5374439",
        "network:wikipedia": "pt:Empresa Metropolitana de Transportes Urbanos de São Paulo",
        "public_transport": "platform",
        "public_transport:version": "2",
        "route_ref": "5503"
      },
      "geometry": {
        "type": "Point",
        "coordinates": [
          -45.862891,
          -23.246974
        ]
      },
      "id": "node/10996241976"
    },
    {
      "type": "Feature",
      "properties": {
        "@id": "node/10996241978",
        "bus": "yes",
        "highway": "bus_stop",
        "name": "Avenida Marechal do Ar Casimiro Montenegro Filho, 2000",
        "network": "EMTU",
        "network:short": "EMTU",
        "network:wikidata": "Q5374439",
        "network:wikipedia": "pt:Empresa Metropolitana de Transportes Urbanos de São Paulo",
        "public_transport": "platform",
        "public_transport:version": "2",
        "route_ref": "5503"
      },
      "geometry": {
        "type": "Point",
        "coordinates": [
          -45.870314,
          -23.230264
        ]
      },
      "id": "node/10996241978"
    },
    {
      "type": "Feature",
      "properties": {
        "@id": "node/10996241980",
        "bus": "yes",
        "highway": "bus_stop",
        "name": "Rodovia dos Tamoios, S/nº",
        "network": "EMTU",
        "network:short": "EMTU",
        "network:wikidata": "Q5374439",
        "network:wikipedia": "pt:Empresa Metropolitana de Transportes Urbanos de São Paulo",
        "public_transport": "platform",
        "public_transport:version": "2",
        "route_ref": "5503"
      },
      "geometry": {
        "type": "Point",
        "coordinates": [
          -45.873731,
          -23.22586
        ]
      },
      "id": "node/10996241980"
    },
    {
      "type": "Feature",
      "properties": {
        "@id": "node/10996241982",
        "bus": "yes",
        "highway": "bus_stop",
        "name": "Avenida Marechal do Ar Casimiro Montenegro Filho, 1000",
        "network": "EMTU",
        "network:short": "EMTU",
        "network:wikidata": "Q5374439",
        "network:wikipedia": "pt:Empresa Metropolitana de Transportes Urbanos de São Paulo",
        "public_transport": "platform",
        "public_transport:version": "2",
        "route_ref": "5503"
      },
      "geometry": {
        "type": "Point",
        "coordinates": [
          -45.875832,
          -23.223204
        ]
      },
      "id": "node/10996241982"
    },
    {
      "type": "Feature",
      "properties": {
        "@id": "node/10996241984",
        "bus": "yes",
        "highway": "bus_stop",
        "name": "Avenida Marechal do Ar Casimiro Montenegro Filho, 500",
        "network": "EMTU",
        "network:short": "EMTU",
        "network:wikidata": "Q5374439",
        "network:wikipedia": "pt:Empresa Metropolitana de Transportes Urbanos de São Paulo",
        "public_transport": "platform",
        "public_transport:version": "2",
        "route_ref": "5503"
      },
      "geometry": {
        "type": "Point",
        "coordinates": [
          -45.880187,
          -23.218144
        ]
      },
      "id": "node/10996241984"
    },
    {
      "type": "Feature",
      "properties": {
        "@id": "node/10996241986",
        "bus": "yes",
        "highway": "bus_stop",
        "name": "Rua Dinamarca, 401",
        "network": "EMTU",
        "network:short": "EMTU",
        "network:wikidata": "Q5374439",
        "network:wikipedia": "pt:Empresa Metropolitana de Transportes Urbanos de São Paulo",
        "public_transport": "platform",
        "public_transport:version": "2",
        "route_ref": "5503"
      },
      "geometry": {
        "type": "Point",
        "coordinates": [
          -45.88324,
          -23.214025
        ]
      },
      "id": "node/10996241986"
    },
    {
      "type": "Feature",
      "properties": {
        "@id": "node/10996241988",
        "bus": "yes",
        "highway": "bus_stop",
        "name": "Rua Dinamarca",
        "network": "EMTU",
        "network:short": "EMTU",
        "network:wikidata": "Q5374439",
        "network:wikipedia": "pt:Empresa Metropolitana de Transportes Urbanos de São Paulo",
        "public_transport": "platform",
        "public_transport:version": "2",
        "route_ref": "5503"
      },
      "geometry": {
        "type": "Point",
        "coordinates": [
          -45.88518,
          -23.21036
        ]
      },
      "id": "node/10996241988"
    },
    {
      "type": "Feature",
      "properties": {
        "@id": "node/10996241990",
        "bus": "yes",
        "highway": "bus_stop",
        "name": "Rua Paraibuna, 1760",
        "network": "EMTU",
        "network:short": "EMTU",
        "network:wikidata": "Q5374439",
        "network:wikipedia": "pt:Empresa Metropolitana de Transportes Urbanos de São Paulo",
        "public_transport": "platform",
        "public_transport:version": "2",
        "route_ref": "5503"
      },
      "geometry": {
        "type": "Point",
        "coordinates": [
          -45.882576,
          -23.206719
        ]
      },
      "id": "node/10996241990"
    },
    {
      "type": "Feature",
      "properties": {
        "@id": "node/10996241992",
        "bus": "yes",
        "highway": "bus_stop",
        "name": "Avenida Deputado Benedito Matarazzo, 9009",
        "network": "EMTU",
        "network:short": "EMTU",
        "network:wikidata": "Q5374439",
        "network:wikipedia": "pt:Empresa Metropolitana de Transportes Urbanos de São Paulo",
        "public_transport": "platform",
        "public_transport:version": "2",
        "route_ref": "5503"
      },
      "geometry": {
        "type": "Point",
        "coordinates": [
          -45.8827792,
          -23.2030128
        ]
      },
      "id": "node/10996241992"
    },
    {
      "type": "Feature",
      "properties": {
        "@id": "node/10996241994",
        "bench": "yes",
        "bus": "yes",
        "highway": "bus_stop",
        "name": "Avenida Deputado Benedito Matarazzo, 9403",
        "network": "EMTU",
        "network:short": "EMTU",
        "network:wikidata": "Q5374439",
        "network:wikipedia": "pt:Empresa Metropolitana de Transportes Urbanos de São Paulo",
        "public_transport": "platform",
        "public_transport:version": "2",
        "route_ref": "5503",
        "shelter": "yes"
      },
      "geometry": {
        "type": "Point",
        "coordinates": [
          -45.8804391,
          -23.2009119
        ]
      },
      "id": "node/10996241994"
    },
    {
      "type": "Feature",
      "properties": {
        "@id": "node/10996242000",
        "bus": "yes",
        "highway": "bus_stop",
        "name": "Rua Itororó, 650",
        "network": "EMTU",
        "network:short": "EMTU",
        "network:wikidata": "Q5374439",
        "network:wikipedia": "pt:Empresa Metropolitana de Transportes Urbanos de São Paulo",
        "public_transport": "platform",
        "public_transport:version": "2",
        "route_ref": "5503"
      },
      "geometry": {
        "type": "Point",
        "coordinates": [
          -45.8811668,
          -23.1955403
        ]
      },
      "id": "node/10996242000"
    },
    {
      "type": "Feature",
      "properties": {
        "@id": "node/10996242003",
        "bus": "yes",
        "highway": "bus_stop",
        "name": "Rua Turquia, 210",
        "network": "EMTU",
        "network:short": "EMTU",
        "network:wikidata": "Q5374439",
        "network:wikipedia": "pt:Empresa Metropolitana de Transportes Urbanos de São Paulo",
        "public_transport": "platform",
        "public_transport:version": "2",
        "route_ref": "5503"
      },
      "geometry": {
        "type": "Point",
        "coordinates": [
          -45.884361,
          -23.199043
        ]
      },
      "id": "node/10996242003"
    },
    {
      "type": "Feature",
      "properties": {
        "@id": "node/10996242005",
        "bus": "yes",
        "highway": "bus_stop",
        "name": "Avenida Marechal do Ar Casimiro Montenegro Filho, 515",
        "network": "EMTU",
        "network:short": "EMTU",
        "network:wikidata": "Q5374439",
        "network:wikipedia": "pt:Empresa Metropolitana de Transportes Urbanos de São Paulo",
        "public_transport": "platform",
        "public_transport:version": "2",
        "route_ref": "5503"
      },
      "geometry": {
        "type": "Point",
        "coordinates": [
          -45.879852,
          -23.218254
        ]
      },
      "id": "node/10996242005"
    },
    {
      "type": "Feature",
      "properties": {
        "@id": "node/10996242008",
        "bus": "yes",
        "highway": "bus_stop",
        "name": "Avenida Marechal do Ar Casimiro Montenegro Filho, 4001 Com Sp-099",
        "network": "EMTU",
        "network:short": "EMTU",
        "network:wikidata": "Q5374439",
        "network:wikipedia": "pt:Empresa Metropolitana de Transportes Urbanos de São Paulo",
        "public_transport": "platform",
        "public_transport:version": "2",
        "route_ref": "5503"
      },
      "geometry": {
        "type": "Point",
        "coordinates": [
          -45.863578,
          -23.245939
        ]
      },
      "id": "node/10996242008"
    },
    {
      "type": "Feature",
      "properties": {
        "@id": "node/10996242010",
        "bus": "yes",
        "highway": "bus_stop",
        "name": "Sp-099, Km 7,6 Norte",
        "network": "EMTU",
        "network:short": "EMTU",
        "network:wikidata": "Q5374439",
        "network:wikipedia": "pt:Empresa Metropolitana de Transportes Urbanos de São Paulo",
        "public_transport": "platform",
        "public_transport:version": "2",
        "route_ref": "5503"
      },
      "geometry": {
        "type": "Point",
        "coordinates": [
          -45.841306,
          -23.253672
        ]
      },
      "id": "node/10996242010"
    },
    {
      "type": "Feature",
      "properties": {
        "@id": "node/10996242012",
        "bus": "yes",
        "highway": "bus_stop",
        "name": "Rodovia dos Tamoios, S/nº",
        "network": "EMTU",
        "network:short": "EMTU",
        "network:wikidata": "Q5374439",
        "network:wikipedia": "pt:Empresa Metropolitana de Transportes Urbanos de São Paulo",
        "public_transport": "platform",
        "public_transport:version": "2",
        "route_ref": "5503"
      },
      "geometry": {
        "type": "Point",
        "coordinates": [
          -45.808962,
          -23.277847
        ]
      },
      "id": "node/10996242012"
    },
    {
      "type": "Feature",
      "properties": {
        "@id": "node/11507273957",
        "bus": "yes",
        "highway": "bus_stop",
        "public_transport": "platform"
      },
      "geometry": {
        "type": "Point",
        "coordinates": [
          -45.9028046,
          -23.1419431
        ]
      },
      "id": "node/11507273957"
    },
    {
      "type": "Feature",
      "properties": {
        "@id": "node/11509017907",
        "bus": "yes",
        "highway": "bus_stop",
        "public_transport": "platform"
      },
      "geometry": {
        "type": "Point",
        "coordinates": [
          -45.9031484,
          -23.1423271
        ]
      },
      "id": "node/11509017907"
    },
    {
      "type": "Feature",
      "properties": {
        "@id": "node/11809973369",
        "bus": "yes",
        "highway": "bus_stop",
        "public_transport": "platform"
      },
      "geometry": {
        "type": "Point",
        "coordinates": [
          -45.8962904,
          -23.1949158
        ]
      },
      "id": "node/11809973369"
    },
    {
      "type": "Feature",
      "properties": {
        "@id": "node/11810016369",
        "bench": "yes",
        "bin": "yes",
        "highway": "bus_stop",
        "lit": "yes",
        "name": "O-180",
        "shelter": "yes"
      },
      "geometry": {
        "type": "Point",
        "coordinates": [
          -45.9552462,
          -23.2022229
        ]
      },
      "id": "node/11810016369"
    },
    {
      "type": "Feature",
      "properties": {
        "@id": "node/11897991084",
        "bench": "yes",
        "bus": "yes",
        "highway": "bus_stop",
        "public_transport": "platform",
        "shelter": "yes"
      },
      "geometry": {
        "type": "Point",
        "coordinates": [
          -45.8888084,
          -23.159921
        ]
      },
      "id": "node/11897991084"
    },
    {
      "type": "Feature",
      "properties": {
        "@id": "node/11897991085",
        "bench": "no",
        "bus": "yes",
        "highway": "bus_stop",
        "public_transport": "platform",
        "shelter": "no"
      },
      "geometry": {
        "type": "Point",
        "coordinates": [
          -45.890861,
          -23.1607939
        ]
      },
      "id": "node/11897991085"
    },
    {
      "type": "Feature",
      "properties": {
        "@id": "node/11897991086",
        "bench": "no",
        "bus": "yes",
        "highway": "bus_stop",
        "public_transport": "platform",
        "shelter": "no"
      },
      "geometry": {
        "type": "Point",
        "coordinates": [
          -45.8921955,
          -23.1611255
        ]
      },
      "id": "node/11897991086"
    },
    {
      "type": "Feature",
      "properties": {
        "@id": "node/11897991087",
        "bench": "no",
        "bus": "yes",
        "highway": "bus_stop",
        "public_transport": "platform",
        "shelter": "no"
      },
      "geometry": {
        "type": "Point",
        "coordinates": [
          -45.8902543,
          -23.1615119
        ]
      },
      "id": "node/11897991087"
    },
    {
      "type": "Feature",
      "properties": {
        "@id": "node/11897991088",
        "bench": "yes",
        "bus": "yes",
        "highway": "bus_stop",
        "public_transport": "platform",
        "shelter": "yes"
      },
      "geometry": {
        "type": "Point",
        "coordinates": [
          -45.8878784,
          -23.1584187
        ]
      },
      "id": "node/11897991088"
    },
    {
      "type": "Feature",
      "properties": {
        "@id": "node/11897991089",
        "bus": "yes",
        "highway": "bus_stop",
        "public_transport": "platform"
      },
      "geometry": {
        "type": "Point",
        "coordinates": [
          -45.8885994,
          -23.1568683
        ]
      },
      "id": "node/11897991089"
    },
    {
      "type": "Feature",
      "properties": {
        "@id": "node/11897991090",
        "bus": "yes",
        "highway": "bus_stop",
        "public_transport": "platform"
      },
      "geometry": {
        "type": "Point",
        "coordinates": [
          -45.8935428,
          -23.1588553
        ]
      },
      "id": "node/11897991090"
    },
    {
      "type": "Feature",
      "properties": {
        "@id": "node/11897991091",
        "bus": "yes",
        "highway": "bus_stop",
        "public_transport": "platform"
      },
      "geometry": {
        "type": "Point",
        "coordinates": [
          -45.8968424,
          -23.1559125
        ]
      },
      "id": "node/11897991091"
    },
    {
      "type": "Feature",
      "properties": {
        "@id": "node/11897991092",
        "bench": "no",
        "bus": "yes",
        "highway": "bus_stop",
        "public_transport": "platform",
        "shelter": "no"
      },
      "geometry": {
        "type": "Point",
        "coordinates": [
          -45.8958676,
          -23.1620226
        ]
      },
      "id": "node/11897991092"
    },
    {
      "type": "Feature",
      "properties": {
        "@id": "node/11897991093",
        "bus": "yes",
        "highway": "bus_stop",
        "public_transport": "platform"
      },
      "geometry": {
        "type": "Point",
        "coordinates": [
          -45.8927253,
          -23.1682222
        ]
      },
      "id": "node/11897991093"
    },
    {
      "type": "Feature",
      "properties": {
        "@id": "node/12109089806",
        "bench": "yes",
        "highway": "bus_stop",
        "name": "Av. Princesa Isabel, 1366",
        "shelter": "yes"
      },
      "geometry": {
        "type": "Point",
        "coordinates": [
          -45.8928082,
          -23.162879
        ]
      },
      "id": "node/12109089806"
    },
    {
      "type": "Feature",
      "properties": {
        "@id": "node/12206019601",
        "highway": "bus_stop",
        "outdoor_seating": "no"
      },
      "geometry": {
        "type": "Point",
        "coordinates": [
          -45.9444168,
          -23.2039707
        ]
      },
      "id": "node/12206019601"
    },
    {
      "type": "Feature",
      "properties": {
        "@id": "node/12236487901",
        "highway": "bus_stop",
        "outdoor_seating": "no"
      },
      "geometry": {
        "type": "Point",
        "coordinates": [
          -45.9628675,
          -23.1994858
        ]
      },
      "id": "node/12236487901"
    },
    {
      "type": "Feature",
      "properties": {
        "@id": "node/12238729801",
        "bench": "yes",
        "bin": "yes",
        "bus": "yes",
        "departures_board": "no",
        "highway": "bus_stop",
        "lit": "yes",
        "name": "L-457",
        "outdoor_seating": "no",
        "public_transport": "platform",
        "shelter": "yes"
      },
      "geometry": {
        "type": "Point",
        "coordinates": [
          -45.8569384,
          -23.1826188
        ]
      },
      "id": "node/12238729801"
    },
    {
      "type": "Feature",
      "properties": {
        "@id": "node/12238755107",
        "bus": "yes",
        "highway": "bus_stop",
        "outdoor_seating": "no",
        "public_transport": "platform"
      },
      "geometry": {
        "type": "Point",
        "coordinates": [
          -45.8834272,
          -23.1815429
        ]
      },
      "id": "node/12238755107"
    },
    {
      "type": "Feature",
      "properties": {
        "@id": "node/12238755515",
        "bus": "yes",
        "highway": "bus_stop",
        "outdoor_seating": "no",
        "public_transport": "platform"
      },
      "geometry": {
        "type": "Point",
        "coordinates": [
          -45.8885297,
          -23.1760387
        ]
      },
      "id": "node/12238755515"
    },
    {
      "type": "Feature",
      "properties": {
        "@id": "node/12238767908",
        "highway": "bus_stop",
        "outdoor_seating": "no"
      },
      "geometry": {
        "type": "Point",
        "coordinates": [
          -45.8925213,
          -23.1664021
        ]
      },
      "id": "node/12238767908"
    },
    {
      "type": "Feature",
      "properties": {
        "@id": "node/12238784101",
        "highway": "bus_stop",
        "outdoor_seating": "no"
      },
      "geometry": {
        "type": "Point",
        "coordinates": [
          -45.8937004,
          -23.1606366
        ]
      },
      "id": "node/12238784101"
    },
    {
      "type": "Feature",
      "properties": {
        "@id": "node/12256329101",
        "bench": "yes",
        "bin": "yes",
        "bus": "yes",
        "departures_board": "yes",
        "highway": "bus_stop",
        "name": "Ponto n° O-186",
        "outdoor_seating": "no",
        "public_transport": "platform",
        "shelter": "yes"
      },
      "geometry": {
        "type": "Point",
        "coordinates": [
          -45.9164282,
          -23.1975402
        ]
      },
      "id": "node/12256329101"
    },
    {
      "type": "Feature",
      "properties": {
        "@id": "node/12339624001",
        "bus": "yes",
        "highway": "bus_stop",
        "public_transport": "platform"
      },
      "geometry": {
        "type": "Point",
        "coordinates": [
          -45.8595019,
          -23.1839418
        ]
      },
      "id": "node/12339624001"
    },
    {
      "type": "Feature",
      "properties": {
        "@id": "node/12745804521",
        "bus": "yes",
        "highway": "bus_stop",
        "public_transport": "platform"
      },
      "geometry": {
        "type": "Point",
        "coordinates": [
          -45.7566063,
          -23.1992562
        ]
      },
      "id": "node/12745804521"
    },
    {
      "type": "Feature",
      "properties": {
        "@id": "node/12778802501",
        "bench": "no",
        "bin": "yes",
        "highway": "bus_stop",
        "lit": "yes",
        "name": "Ponto n° O-189",
        "shelter": "no"
      },
      "geometry": {
        "type": "Point",
        "coordinates": [
          -45.9221107,
          -23.1926713
        ]
      },
      "id": "node/12778802501"
    },
    {
      "type": "Feature",
      "properties": {
        "@id": "node/12815873636",
        "bus": "yes",
        "highway": "bus_stop",
        "public_transport": "platform"
      },
      "geometry": {
        "type": "Point",
        "coordinates": [
          -45.8709219,
          -23.1906559
        ]
      },
      "id": "node/12815873636"
    },
    {
      "type": "Feature",
      "properties": {
        "@id": "node/12815873637",
        "bus": "yes",
        "highway": "bus_stop",
        "public_transport": "platform"
      },
      "geometry": {
        "type": "Point",
        "coordinates": [
          -45.8727623,
          -23.188928
        ]
      },
      "id": "node/12815873637"
    },
    {
      "type": "Feature",
      "properties": {
        "@id": "node/12824973020",
        "bus": "yes",
        "highway": "bus_stop",
        "public_transport": "platform"
      },
      "geometry": {
        "type": "Point",
        "coordinates": [
          -45.8913164,
          -23.1624742
        ]
      },
      "id": "node/12824973020"
    },
    {
      "type": "Feature",
      "properties": {
        "@id": "node/13039552123",
        "bench": "yes",
        "bus": "yes",
        "departures_board": "no",
        "highway": "bus_stop",
        "public_transport": "platform",
        "shelter": "yes"
      },
      "geometry": {
        "type": "Point",
        "coordinates": [
          -45.9130744,
          -23.2412321
        ]
      },
      "id": "node/13039552123"
    },
    {
      "type": "Feature",
      "properties": {
        "@id": "node/13058504212",
        "highway": "bus_stop",
        "name": "*"
      },
      "geometry": {
        "type": "Point",
        "coordinates": [
          -45.880286,
          -23.228119
        ]
      },
      "id": "node/13058504212"
    },
    {
      "type": "Feature",
      "properties": {
        "@id": "node/13787849258",
        "bus": "yes",
        "highway": "bus_stop",
        "public_transport": "platform",
        "ref": "O-098"
      },
      "geometry": {
        "type": "Point",
        "coordinates": [
          -45.9122563,
          -23.226595
        ]
      },
      "id": "node/13787849258"
    },
    {
      "type": "Feature",
      "properties": {
        "@id": "node/13790373494",
        "bus": "yes",
        "highway": "bus_stop",
        "public_transport": "platform",
        "ref": "O-097",
        "shelter": "no"
      },
      "geometry": {
        "type": "Point",
        "coordinates": [
          -45.9117747,
          -23.2239834
        ]
      },
      "id": "node/13790373494"
    },
    {
      "type": "Feature",
      "properties": {
        "@id": "node/13806880566",
        "bus": "yes",
        "highway": "bus_stop",
        "public_transport": "platform",
        "ref": "O-122"
      },
      "geometry": {
        "type": "Point",
        "coordinates": [
          -45.9091974,
          -23.2277504
        ]
      },
      "id": "node/13806880566"
    },
    {
      "type": "Feature",
      "properties": {
        "@id": "node/13819528418",
        "bus": "yes",
        "highway": "bus_stop",
        "public_transport": "platform",
        "ref": "O-043"
      },
      "geometry": {
        "type": "Point",
        "coordinates": [
          -45.9161528,
          -23.2270871
        ]
      },
      "id": "node/13819528418"
    },
    {
      "type": "Feature",
      "properties": {
        "@id": "node/13831196001",
        "highway": "bus_stop",
        "name": "Ponto de ônibus"
      },
      "geometry": {
        "type": "Point",
        "coordinates": [
          -45.884944,
          -23.2357547
        ]
      },
      "id": "node/13831196001"
    },
    {
      "type": "Feature",
      "properties": {
        "@id": "node/13831196002",
        "highway": "bus_stop",
        "name": "Ponto de ônibus"
      },
      "geometry": {
        "type": "Point",
        "coordinates": [
          -45.8846517,
          -23.2359507
        ]
      },
      "id": "node/13831196002"
    },
    {
      "type": "Feature",
      "properties": {
        "@id": "node/13832206001",
        "highway": "bus_stop"
      },
      "geometry": {
        "type": "Point",
        "coordinates": [
          -45.9020464,
          -23.1410131
        ]
      },
      "id": "node/13832206001"
    },
    {
      "type": "Feature",
      "properties": {
        "@id": "node/13832206101",
        "highway": "bus_stop"
      },
      "geometry": {
        "type": "Point",
        "coordinates": [
          -45.9018849,
          -23.1407749
        ]
      },
      "id": "node/13832206101"
    },
    {
      "type": "Feature",
      "properties": {
        "@id": "node/13897855999",
        "bus": "yes",
        "highway": "bus_stop",
        "public_transport": "platform",
        "ref": "O-054"
      },
      "geometry": {
        "type": "Point",
        "coordinates": [
          -45.9208091,
          -23.2305398
        ]
      },
      "id": "node/13897855999"
    },
    {
      "type": "Feature",
      "properties": {
        "@id": "node/13897856000",
        "bus": "yes",
        "highway": "bus_stop",
        "public_transport": "platform",
        "ref": "O-036"
      },
      "geometry": {
        "type": "Point",
        "coordinates": [
          -45.9195749,
          -23.2313881
        ]
      },
      "id": "node/13897856000"
    },
    {
      "type": "Feature",
      "properties": {
        "@id": "node/13897856001",
        "bus": "yes",
        "highway": "bus_stop",
        "public_transport": "platform",
        "ref": "O-139"
      },
      "geometry": {
        "type": "Point",
        "coordinates": [
          -45.9186058,
          -23.232566
        ]
      },
      "id": "node/13897856001"
    },
    {
      "type": "Feature",
      "properties": {
        "@id": "node/13981381602",
        "highway": "bus_stop"
      },
      "geometry": {
        "type": "Point",
        "coordinates": [
          -45.935967,
          -23.2424281
        ]
      },
      "id": "node/13981381602"
    }
  ]
}